nom,poste,age_actuel,salaire_actuel,nom_equipe_0,nom_equipe_1,nom_equipe_2,nom_equipe_3,celebrite_0,celebrite_1,celebrite_2,celebrite_3
David Raya,GAR,33.0,26.25,Arsenal,Arsenal,Arsenal,Arsenal,92.9,96.8,95.7,95.0
William Saliba,DC,27.0,26.93,Arsenal,Arsenal,Arsenal,Arsenal,99.4,99.5,96.7,95.9
Jurrien Timber,LAT,27.0,26.62,Arsenal,Arsenal,Arsenal,Arsenal,98.6,98.9,95.9,95.5
Declan Rice,MDEF,29.0,28.28,Arsenal,Arsenal,Arsenal,Arsenal,96.6,98.6,98.2,97.7
Martin Odegaard,MOFF,29.0,27.0,Arsenal,Arsenal,Arsenal,Arsenal,89.5,96.5,96.6,96.0
Bukayo Saka,AIL,27.0,27.22,Arsenal,Arsenal,Arsenal,Arsenal,98.6,99.2,96.9,96.3
Viktor Gyokeres,AC,30.0,27.07,Arsenal,Arsenal,Arsenal,Inter Milan,82.9,96.3,97.2,96.1
Gianluigi Donnaruma,GAR,29.0,22.88,Manchester City,Manchester City,Athletic Bilbao,Athletic Bilbao,92.3,94.2,92.8,90.5
Ruben Dias,DC,31.0,26.55,Manchester City,Manchester City,Manchester City,Bournemouth,90.3,93.7,95.1,95.4
Matheus Nunes,LAT,30.0,25.57,Manchester City,Manchester City,Manchester City,Manchester City,78.7,87.9,93.1,94.1
Rodri,MDEF,32.0,28.2,Manchester City,Bayern Munich,Bayern Munich,Bayern Munich,97.4,97.0,97.6,97.6
Rayan Cherki,MOFF,25.0,29.18,Manchester City,Manchester City,Manchester City,Manchester City,98.0,98.4,98.8,98.9
Jeremy Doku,AIL,26.0,29.78,Manchester City,Manchester City,PSG,PSG,97.6,98.1,99.6,99.7
Erling Haaland,AC,28.0,27.45,Manchester City,SSC Napoli,SSC Napoli,SSC Napoli,99.9,99.6,97.8,96.6
Alisson,GAR,36.0,22.8,Liverpool FC,Bayern Munich,Bayern Munich,Bayern Munich,95.4,93.1,89.6,90.4
Ibrahima Konaté,DC,29.0,20.18,Liverpool FC,Liverpool FC,Feynenoord Rotterdam,Feynenoord Rotterdam,82.9,82.8,88.1,86.9
Andrew Robertson,LAT,34.0,17.55,Liverpool FC,Liverpool FC,Liverpool FC,Liverpool FC,74.8,76.9,80.2,83.4
Ryan Gravenbech,MDEF,26.0,23.32,Liverpool FC,SSC Napoli,SSC Napoli,SSC Napoli,96.3,94.7,91.4,91.1
Florian Wirtz,MOFF,25.0,28.57,Liverpool FC,Liverpool FC,Liverpool FC,Inter Milan,99.2,98.3,98.0,98.1
Mohamed Salah,AIL,36.0,18.22,Liverpool FC,Liverpool FC,Liverpool FC,Liverpool FC,82.7,80.7,84.2,84.3
Hugo Ekitike,AC,26.0,25.72,Liverpool FC,Liverpool FC,Liverpool FC,Liverpool FC,97.6,95.3,94.9,94.3
Robert Sanchez,GAR,31.0,17.1,Chelsea,Chelsea,Chelsea,FC Bologna,57.7,59.9,80.1,82.8
Wesley Fofana,DC,27.0,22.65,Chelsea,Chelsea,Chelsea,Chelsea,88.5,89.6,89.1,90.2
Marc Cucurella,LAT,30.0,24.9,Chelsea,Chelsea,Chelsea,FC Barcelone,92.3,89.5,92.1,93.2
Moses Caicedo,MDEF,27.0,26.18,Chelsea,Chelsea,Chelsea,Chelsea,99.6,98.5,94.6,94.9
Cole Palmer,MOFF,26.0,28.65,Chelsea,Chelsea,Chelsea,Chelsea,99.0,97.9,97.7,98.2
Estevao,AIL,21.0,27.82,Chelsea,Chelsea,Chelsea,Chelsea,94.9,93.5,96.0,97.1
Joao Pedro,AC,27.0,22.35,Chelsea,Chelsea,Chelsea,Chelsea,88.5,88.7,90.7,89.8
Aaron Ramsdale,GAR,30.0,6.91,Newcastle,Newcastle,Torino FC,Torino FC,60.2,57.4,53.4,55.3
Malick Thiaw,DC,27.0,23.25,Newcastle,Newcastle,Stade Rennais,Stade Rennais,94.3,90.3,90.3,91.0
Tino Livarameto,LAT,26.0,18.15,Newcastle,Newcastle,Newcastle,Newcastle,89.8,86.5,85.1,84.2
Bruno Guimares,MDEF,31.0,14.74,Newcastle,Newcastle,Newcastle,SL Benfica,90.3,85.3,81.7,79.3
Joe Willock,MOFF,29.0,6.0,Newcastle,Toulouse FC,Toulouse FC,Olympique Lyonnais,46.2,45.7,49.6,48.0
Anthony Gordon,AIL,27.0,18.97,Newcastle,Newcastle,RC Lens,RC Lens,94.3,90.1,85.0,85.3
Nick Woltemade,AC,26.0,19.8,Newcastle,Newcastle,Newcastle,Newcastle,95.2,92.0,89.8,86.4
Dean Henderson,GAR,31.0,11.29,Crystal Palace,Crystal Palace,Newcastle,Newcastle,70.8,65.2,69.0,70.1
Marc Guéhi,DC,28.0,11.7,Crystal Palace,Crystal Palace,Crystal Palace,Everton FC,93.6,90.4,73.9,71.2
Daniel Munoz,LAT,28.0,11.96,Crystal Palace,Crystal Palace,Basaksehir FK,Basaksehir FK,91.4,87.6,69.8,71.9
Adam Wharton,MDEF,24.0,21.0,Crystal Palace,Crystal Palace,Strasbourg,Strasbourg,94.0,89.9,89.0,88.0
Daichi Kamada,MOFF,32.0,6.49,Crystal Palace,Crystal Palace,Crystal Palace,Fc Köln,44.1,43.7,52.9,51.9
Ismaila Sarr,AIL,30.0,8.85,Crystal Palace,Crystal Palace,Crystal Palace,Villareal,65.8,63.7,65.7,63.6
Jean-Philippe Mateta,AC,31.0,11.17,Crystal Palace,Crystal Palace,Crystal Palace,Crystal Palace,76.9,72.6,73.8,69.8
Bart Verbruggen,GAR,26.0,14.7,Brighton,Brighton,SSC Napoli,SSC Napoli,81.7,78.7,77.7,79.2
Jan Paul Van Hecke,DC,28.0,9.49,Brighton,Brighton,Brighton,Brighton,85.5,83.2,69.6,65.3
Ferdi Kadioglu,LAT,29.0,7.46,Brighton,Brighton,Brighton,Brighton,60.2,59.6,61.1,59.7
Carlos Baleba,MDEF,24.0,16.12,Brighton,Brighton,Getafe,Getafe,91.2,86.2,83.6,81.5
Yasin Ayari,MOFF,25.0,12.86,Brighton,Brighton,Brighton,Fenerbahce,79.3,76.4,75.7,74.3
Kaoru Mitoma,AIL,31.0,12.49,Brighton,Brighton,Sparta Rotterdam,Sparta Rotterdam,76.9,71.0,71.9,73.3
Georginio Rutter,AC,26.0,11.51,Brighton,Brighton,Gaziantep FK,Gaziantep FK,77.8,76.5,72.6,70.7
Emiliano Martinez,GAR,36.0,13.16,Aston Villa,Aston Villa,Aston Villa,Aston Villa,86.0,85.7,76.3,75.1
Pau Torres,DC,31.0,13.61,Aston Villa,Aston Villa,KAA La Gantoise,KAA La Gantoise,64.8,71.1,77.9,76.3
Lucas Digne,LAT,35.0,9.04,Aston Villa,Standard de Liège,Standard de Liège,Standard de Liège,63.1,68.5,63.9,64.1
Amadou Onana,MDEF,27.0,12.97,Aston Villa,Aston Villa,Girona FC,Girona FC,84.9,87.7,75.9,74.6
John McGinn,MOFF,34.0,13.69,Aston Villa,Aston Villa,Aston Villa,Rayo Vallecano,68.8,79.5,78.3,76.5
Morgan Rogers,AIL,26.0,24.45,Aston Villa,Aston Villa,Aston Villa,Aston Villa,98.2,97.6,93.7,92.6
Ollie Watkins,AC,32.0,14.85,Aston Villa,Juventus Turin,Juventus Turin,Juventus Turin,76.5,83.3,83.1,79.6
Senne Lammens,GAR,26.0,11.1,Manchester United,Manchester United,Manchester United,Manchester United,86.6,82.7,71.6,69.6
Lisandro Martinez,DC,31.0,10.2,Manchester United,Manchester United,Manchester United,Manchester United,76.9,73.1,70.4,67.2
Patrick Dorgu,LAT,24.0,19.5,Manchester United,Manchester United,Borussia Dortmund,Borussia Dortmund,84.1,82.6,83.7,86.0
Kobbie Mainoo,MDEF,23.0,19.2,Manchester United,Lazio Rome,Lazio Rome,Lazio Rome,84.7,82.2,86.1,85.6
Bruno Fernandez,MOFF,34.0,22.95,Manchester United,Manchester United,Vfb Stuttgart,Vfb Stuttgart,94.8,90.9,90.9,90.6
Bryan Mbeumo,AIL,29.0,14.47,Manchester United,Manchester United,Union Saint-Gilloise,Union Saint-Gilloise,89.5,86.8,80.9,78.6
Matheus Cunha,AC,29.0,13.01,Manchester United,Manchester United,SC Braga,SC Braga,82.9,81.5,76.4,74.7
Djordje Petrovic,GAR,29.0,7.95,Bournemouth,AS Monaco,AS Monaco,KRC Genk,65.8,63.4,62.3,61.2
Bafode Diakite,DC,27.0,12.53,Bournemouth,Bournemouth,Bournemouth,Getafe,80.0,78.9,72.4,73.4
Adrien Truffert,LAT,27.0,10.84,Bournemouth,Olympique de Marseille,Olympique de Marseille,Olympique de Marseille,84.9,81.5,65.8,68.9
Tyler Adams,MDEF,29.0,12.22,Bournemouth,Bournemouth,KVC Westerlo,KVC Westerlo,60.2,56.8,70.8,72.6
Ryan Christie,MOFF,33.0,6.39,Bournemouth,Bournemouth,UD Levante,UD Levante,56.9,54.7,51.2,51.1
Antoine Semenyo,AIL,28.0,10.72,Bournemouth,Samsunspor,Samsunspor,Crystal Palace,91.4,87.3,69.5,68.6
Evanilson,AC,29.0,14.81,Bournemouth,SL Benfica,SL Benfica,SL Benfica,65.8,65.1,78.2,79.5
Thibault Courtois,GAR,36.0,24.75,Real Madrid,Real Madrid,Real Madrid,Real Madrid,95.4,95.6,93.4,93.0
Eder Militao,DC,30.0,23.85,Real Madrid,Real Madrid,Real Madrid,Real Madrid,86.1,91.8,91.8,91.8
Alvaro Carreras,LAT,25.0,27.3,Real Madrid,Real Madrid,Real Madrid,Real Madrid,93.2,96.2,96.3,96.4
Federico Valverde,MDEF,30.0,26.47,Real Madrid,Real Madrid,Real Madrid,Real Madrid,95.6,96.6,95.4,95.3
Jude Bellingham,MOFF,25.0,29.32,Real Madrid,Real Madrid,Real Madrid,Real Madrid,99.2,99.7,99.5,99.1
Vinicius Jnr,AIL,28.0,27.53,Real Madrid,Real Madrid,Real Madrid,Real Madrid,98.4,98.8,97.0,96.7
Kylian Mbappé,AC,29.0,27.97,Real Madrid,Real Madrid,Real Madrid,Real Madrid,96.6,98.0,98.1,97.3
Joan Garcia,GAR,27.0,27.68,FC Barcelone,FC Barcelone,FC Barcelone,FC Barcelone,97.0,95.9,96.1,96.9
Pau Cubarsi,DC,21.0,29.25,FC Barcelone,FC Barcelone,FC Barcelone,FC Barcelone,94.9,95.5,98.9,99.0
Jules Koundé,LAT,30.0,28.05,FC Barcelone,FC Barcelone,FC Barcelone,PSG,92.3,92.8,96.2,97.4
Frenkie De Jong,MDEF,31.0,28.35,FC Barcelone,FC Barcelone,FC Barcelone,FC Barcelone,90.3,93.2,97.1,97.8
Pedri,MOFF,26.0,28.72,FC Barcelone,FC Barcelone,Athletic Bilbao,Athletic Bilbao,99.8,99.4,98.5,98.3
Lamine Yamal,AIL,21.0,29.85,FC Barcelone,FC Barcelone,FC Barcelone,FC Barcelone,99.7,99.3,99.8,99.8
Ferran Torres,AC,28.0,19.05,FC Barcelone,Aston Villa,Aston Villa,Aston Villa,91.4,95.0,88.9,85.4
Jan Oblak,GAR,35.0,22.28,Atlético Madrid,Atlético Madrid,Atlético Madrid,Atlético Madrid,92.8,88.2,89.7,89.7
Jose Gimenez,DC,33.0,22.12,Atlético Madrid,Inter Milan,Inter Milan,Inter Milan,80.5,79.0,88.4,89.5
Nahuel Molina,LAT,30.0,15.07,Atlético Madrid,Atlético Madrid,Atlético Madrid,Atlético Madrid,46.2,48.8,73.1,80.1
Pablo Barrios,MDEF,25.0,27.75,Atlético Madrid,Atlético Madrid,Atlético Madrid,Inter Milan,96.8,95.1,96.5,97.0
Thiago Almada,MOFF,27.0,22.2,Atlético Madrid,Atlético Madrid,Atlético Madrid,Besiktas JK,84.9,85.5,87.7,89.6
Giuliano Simeone,AIL,25.0,27.15,Atlético Madrid,Atlético Madrid,Atlético Madrid,Atlético Madrid,93.2,93.3,95.8,96.2
Julian Alvarez,AC,28.0,25.35,Atlético Madrid,Atlético Madrid,Atlético Madrid,Atlético Madrid,98.4,96.7,94.1,93.8
Unai Simon,GAR,31.0,25.43,Athletic Bilbao,Athletic Bilbao,Manchester City,Manchester City,84.5,91.2,93.6,93.9
Dani Vivian,DC,29.0,18.82,Athletic Bilbao,Athletic Bilbao,Athletic Bilbao,Athletic Bilbao,82.9,88.1,88.1,85.1
Jesus Areso,LAT,29.0,16.8,Athletic Bilbao,RC Lens,RC Lens,RC Lens,46.2,66.8,78.5,82.4
Mikel Jauregizar,MDEF,25.0,24.3,Athletic Bilbao,Athletic Bilbao,Athletic Bilbao,Athletic Bilbao,87.2,94.1,93.5,92.4
Oihan Sancet,MOFF,28.0,27.38,Athletic Bilbao,Athletic Bilbao,FC Porto,FC Porto,93.6,96.0,95.3,96.5
Nico Williams,AIL,26.0,29.1,Athletic Bilbao,Athletic Bilbao,Stade Rennais,Stade Rennais,98.2,98.7,99.0,98.8
Inaki Williams,AC,24.0,27.9,Athletic Bilbao,Athletic Bilbao,RB Leipzig,RB Leipzig,95.9,97.7,97.9,97.2
Luiz Junior,GAR,27.0,13.5,Villareal,Villareal,AC Milan,AC Milan,80.0,79.2,71.7,76.0
Juan Foyth,DC,30.0,7.34,Villareal,Villareal,Hoffenheim,Hoffenheim,60.2,59.5,59.5,58.7
Rafa Marin,LAT,26.0,10.12,Villareal,Villareal,Villareal,Fiorentina,55.4,58.8,63.4,67.0
Pape Gueye,MDEF,29.0,9.97,Villareal,Samsunspor,Samsunspor,Samsunspor,72.1,71.7,67.9,66.6
Alberto Moleiro,MOFF,25.0,21.6,Villareal,Villareal,Villareal,Villareal,90.9,88.9,90.0,88.8
Nicolas Pépé,AIL,33.0,12.45,Villareal,Villareal,Villareal,CD Santa Clara,76.0,73.7,74.3,73.2
Gerard Moreno,AC,36.0,12.83,Villareal,KRC Genk,KRC Genk,KRC Genk,71.7,71.9,73.2,74.2
Alex Remiro,GAR,33.0,12.71,Real Sociedad,Real Sociedad,Real Sociedad,Real Sociedad,80.5,80.0,76.9,73.9
Igor Zubeldia,DC,31.0,7.04,Real Sociedad,Real Sociedad,Real Sociedad,Real Sociedad,44.7,47.8,56.6,56.3
Jon Aramburu,LAT,26.0,21.3,Real Sociedad,AC Milan,AC Milan,AC Milan,77.8,78.6,85.2,88.4
Jon Gorrotxategi,MDEF,26.0,8.4,Real Sociedad,Real Sociedad,Real Sociedad,Olympique de Marseille,47.6,57.0,62.0,62.4
Brais Mendez,MOFF,31.0,11.4,Real Sociedad,Real Sociedad,Real Sociedad,SSC Napoli,64.8,68.7,70.3,70.4
Takefusa Kubo,AIL,27.0,13.84,Real Sociedad,Real Sociedad,Real Sociedad,Real Sociedad,94.3,93.4,79.1,76.9
Mikel Oyarzabal,AC,31.0,13.31,Real Sociedad,Real Sociedad,Real Sociedad,Real Sociedad,76.9,78.3,79.3,75.5
Alvaro Valles,GAR,30.0,6.95,Real Betis,US Lecce,AS Anus,Borussia Dortmund,51.0,47.4,51.9,55.6
Marc Bartra,DC,,,Real Betis,Real Betis,Real Betis,,52.2,49.4,36.1,
Hector Bellerin,LAT,33.0,4.79,Real Betis,Real Betis,Real Betis,Espanyol Barcelona,37.3,37.9,42.2,38.7
Sofyan Amrabat,MDEF,32.0,5.96,Real Betis,Real Betis,Real Betis,Real Betis,50.2,49.0,51.8,47.7
Giovani Lo Celso,MOFF,32.0,7.8,Real Betis,Real Betis,Real Betis,Real Betis,69.6,66.1,63.8,60.8
Antony,AIL,28.0,9.15,Real Betis,Real Betis,Real Betis,Standard de Liège,89.0,85.0,68.4,64.4
Chucho Hernandez,AC,29.0,6.72,Real Betis,Real Betis,Real Betis,Basaksehir FK,60.2,57.9,59.4,53.8
Julen Agirrezbalaga,GAR,27.0,6.76,Valence FC,Valence FC,Como,Como,73.6,73.6,55.6,54.1
Cesar Tarrega,DC,26.0,17.47,Valence FC,AC Milan,AC Milan,AC Milan,70.0,69.3,80.7,83.3
José Gaya,LAT,33.0,11.14,Valence FC,Valence FC,Valence FC,Valence FC,56.9,50.8,67.2,69.7
Javi Guerra,MDEF,25.0,14.4,Valence FC,Basaksehir FK,Basaksehir FK,Basaksehir FK,79.3,74.4,77.0,78.4
André Almeida,MOFF,28.0,4.74,Valence FC,Fc Köln,Fc Köln,Pisa SC,45.3,48.9,35.7,38.4
Diego Lopez,AIL,26.0,18.38,Valence FC,Valence FC,Valence FC,Valence FC,81.7,80.9,87.3,84.5
Hugo Duro,AC,29.0,7.2,Valence FC,Valence FC,RSC Anderlecht,RSC Anderlecht,53.6,51.1,61.0,57.6
Paulo Gazzaniga,GAR,36.0,6.62,Girona FC,Girona FC,Girona FC,Espanyol Barcelona,55.1,52.7,50.9,53.0
Vitor Reis,DC,22.0,6.67,Girona FC,Sporting Charleroi,Sporting Charleroi,Samsunspor,43.3,44.4,54.5,53.4
Alex Moreno,LAT,35.0,5.61,Girona FC,Girona FC,AZ Alkmaar,AZ Alkmaar,42.2,38.8,40.2,44.9
Azzedine Ounahi,MDEF,28.0,5.38,Girona FC,Girona FC,Mainz 05,Mainz 05,68.2,65.6,42.7,43.0
Ivan Martin,MOFF,29.0,7.58,Girona FC,Girona FC,Girona FC,Girona FC,46.2,46.2,57.0,60.2
Bryan Gil,AIL,27.0,8.77,Girona FC,Girona FC,Girona FC,Girona FC,73.6,76.3,62.6,63.4
Vladyslav Vanat,AC,26.0,9.26,Girona FC,Girona FC,Mainz 05,Mainz 05,70.0,73.8,67.4,64.7
David Soria,GAR,35.0,11.89,Getafe,KVC Westerlo,KVC Westerlo,KVC Westerlo,68.0,64.4,71.1,71.7
Abdel Abqar,DC,29.0,5.22,Getafe,Getafe,Getafe,Sporting Charleroi,28.8,29.0,41.8,41.8
Juan Iglesias,LAT,30.0,3.08,Getafe,Getafe,Torino FC,Göztepe,28.8,27.0,22.8,28.2
Mario Martin,MDEF,24.0,7.03,Getafe,Getafe,Como,Como,35.4,36.3,57.1,56.2
Mauro Arambarri,MOFF,33.0,9.94,Getafe,Getafe,Getafe,Getafe,64.1,60.1,65.4,66.5
Adrian Liso,AIL,23.0,6.86,Getafe,Rayo Vallecano,Rayo Vallecano,Rayo Vallecano,35.7,45.1,54.9,54.9
Borja Mayoral,AC,31.0,7.29,Getafe,Getafe,Getafe,Real Oviedo,44.7,44.3,60.6,58.3
Jonas Urbig,GAR,25.0,25.12,Bayern Munich,Liverpool FC,Liverpool FC,Liverpool FC,71.1,88.3,93.3,93.5
Dayot Upamecano,DC,30.0,26.1,Bayern Munich,Bayern Munich,Bayern Munich,Bayern Munich,95.6,95.4,94.8,94.8
Alphonso Davies,LAT,28.0,25.95,Bayern Munich,Bayern Munich,Bayern Munich,Bayern Munich,96.9,97.1,93.9,94.6
Joshua Kimmich,MDEF,33.0,28.43,Bayern Munich,Manchester City,Manchester City,Manchester City,96.2,96.1,97.4,97.9
Jamal Musiala,MOFF,25.0,29.4,Bayern Munich,Bayern Munich,Bayern Munich,Bayern Munich,99.5,99.0,99.3,99.2
Luis Diaz,AIL,31.0,25.65,Bayern Munich,Bayern Munich,Bayern Munich,Bayern Munich,87.8,92.4,94.0,94.2
Harry Kane,AC,35.0,28.5,Bayern Munich,Manchester City,Manchester City,Arsenal,97.8,97.3,98.3,98.0
Gregor Kobel,GAR,31.0,22.05,Borussia Dortmund,Borussia Dortmund,Borussia Dortmund,Chelsea,90.3,91.4,90.8,89.4
Nico Schlotterbeck,DC,29.0,22.72,Borussia Dortmund,Borussia Dortmund,Valence FC,Valence FC,92.3,91.3,91.6,90.3
Julian Ryerson,LAT,31.0,19.57,Borussia Dortmund,Borussia Dortmund,PSV Eindhoven,PSV Eindhoven,57.7,70.1,84.0,86.1
Felix Nmecha,MDEF,28.0,25.05,Borussia Dortmund,Borussia Dortmund,Inter Milan,Atlético Madrid,93.6,94.5,92.6,93.4
Jobe Bellingham,MOFF,23.0,24.07,Borussia Dortmund,Borussia Dortmund,Borussia Dortmund,Atlético Madrid,72.9,87.1,91.2,92.1
Karim Adeyemi,AIL,26.0,24.97,Borussia Dortmund,Borussia Dortmund,Borussia Dortmund,Borussia Dortmund,95.2,95.7,93.8,93.3
Serhou Guirassy,AC,32.0,24.82,Borussia Dortmund,Borussia Dortmund,Feynenoord Rotterdam,Feynenoord Rotterdam,87.7,91.1,94.7,93.1
Mark Flekken,GAR,35.0,5.08,Bayer Leverkusen,Pisa SC,Pisa SC,Pisa SC,48.8,46.3,42.8,40.6
Edmond Tapsoba,DC,29.0,21.9,Bayer Leverkusen,FC Porto,FC Porto,FC Porto,72.1,72.4,86.3,89.2
Alejandro Grimaldo,LAT,33.0,13.76,Bayer Leverkusen,Bayer Leverkusen,Bayer Leverkusen,GO Ahead Eagles,87.0,83.0,75.8,76.7
Robert Andrich,MDEF,34.0,10.09,Bayer Leverkusen,Bayer Leverkusen,Bayer Leverkusen,Bayer Leverkusen,63.2,62.1,66.6,66.9
Aleix Garcia,MOFF,31.0,12.04,Bayer Leverkusen,Bayer Leverkusen,FC Lorient,FC Lorient,81.5,77.7,72.8,72.1
Eliesse Ben Seghir,AIL,23.0,15.68,Bayer Leverkusen,Bayer Leverkusen,Bayer Leverkusen,Bayer Leverkusen,72.9,77.6,82.4,80.9
Chirstian Kofane,AC,22.0,14.33,Bayer Leverkusen,Bayer Leverkusen,Bayer Leverkusen,LOSC,59.5,69.4,81.2,78.2
Peter Gulaci,GAR,,,RB Leipzig,RB Leipzig,RB Leipzig,,84.3,92.7,87.6,
Castello Lukeba,DC,25.0,26.7,RB Leipzig,RB Leipzig,RB Leipzig,Manchester City,93.2,96.4,96.4,95.6
David Raum,LAT,30.0,20.78,RB Leipzig,RB Leipzig,RB Leipzig,Vfb Stuttgart,78.7,86.6,88.5,87.7
Nicolas Seiwald,MDEF,27.0,19.65,RB Leipzig,RB Leipzig,Borussia Dortmund,Borussia Dortmund,80.0,92.9,87.0,86.2
Christoph Baumgartner,MOFF,29.0,19.35,RB Leipzig,RB Leipzig,RB Leipzig,RB Leipzig,53.6,78.5,86.7,85.8
Johan Bakayoko,AIL,25.0,26.4,RB Leipzig,RB Leipzig,RB Leipzig,RB Leipzig,90.9,95.8,95.5,95.2
Romulo,AC,26.0,25.88,RB Leipzig,RB Leipzig,Borussia Dortmund,Borussia Dortmund,81.7,95.2,95.2,94.5
Michael Zetterer,GAR,33.0,4.61,Eintracht Francfort,Eintracht Francfort,Eintracht Francfort,Eintracht Francfort,37.3,36.9,37.7,37.6
Arthur Theate,DC,28.0,8.29,Eintracht Francfort,Eintracht Francfort,Eintracht Francfort,Eintracht Francfort,85.5,80.5,66.3,62.1
Nathaniel Brown,LAT,25.0,20.1,Eintracht Francfort,KRC Genk,KRC Genk,KRC Genk,83.6,79.1,83.2,86.8
Hugo Larsonn,MDEF,24.0,13.65,Eintracht Francfort,Eintracht Francfort,Eintracht Francfort,Eintracht Francfort,88.1,84.6,79.9,76.4
Mario Götze,MOFF,36.0,7.0,Eintracht Francfort,Eintracht Francfort,Sporting Charleroi,Sporting Charleroi,71.7,68.4,58.3,56.0
Ritsu Doan,AIL,30.0,10.05,Eintracht Francfort,Eintracht Francfort,Eintracht Francfort,Torino FC,78.7,75.5,70.1,66.8
Jonathan Burkardt,AC,28.0,11.25,Eintracht Francfort,Eintracht Francfort,Eintracht Francfort,Eintracht Francfort,91.4,88.5,74.5,70.0
Alexander Nübel,GAR,32.0,11.62,Vfb Stuttgart,Bayer Leverkusen,Bayer Leverkusen,Bayer Leverkusen,69.6,69.6,70.9,71.0
Jeff Chabot,DC,30.0,8.33,Vfb Stuttgart,Vfb Stuttgart,Moreirense FC,Moreirense FC,53.6,60.3,63.5,62.2
Maximilian Mittelstädt,LAT,31.0,16.65,Vfb Stuttgart,Vfb Stuttgart,Vfb Stuttgart,Chelsea,76.9,75.2,79.7,82.2
Angelo Stiller,MDEF,27.0,20.32,Vfb Stuttgart,Vfb Stuttgart,Vfb Stuttgart,Fc Köln,96.0,94.3,86.9,87.1
Bilal El Khanouss,MOFF,24.0,19.12,Vfb Stuttgart,Vfb Stuttgart,Bayer Leverkusen,Bayer Leverkusen,79.7,83.4,85.6,85.5
Jamie Leweling,AIL,27.0,14.96,Vfb Stuttgart,Vfb Stuttgart,Vfb Stuttgart,Vfb Stuttgart,67.1,77.0,78.8,79.9
Ermerdin Demirovic,AC,30.0,18.3,Vfb Stuttgart,Vfb Stuttgart,Vfb Stuttgart,Vfb Stuttgart,65.8,73.4,85.3,84.4
Kamil Grabara,GAR,29.0,6.34,Wolfsburg,UD Levante,UD Levante,UD Levante,60.2,56.8,52.7,50.7
Konstantinos Koulierakis,DC,25.0,11.44,Wolfsburg,Wolfsburg,Wolfsburg,Wolfsburg,71.1,74.2,74.0,70.5
Aaron Zehnter,LAT,24.0,7.88,Wolfsburg,Wolfsburg,Wolfsburg,Wolfsburg,49.5,54.0,61.2,61.0
Maximilian Arnold,MDEF,34.0,7.39,Wolfsburg,Wolfsburg,CD Santa Clara,CD Santa Clara,56.3,52.2,58.7,59.1
Lovro Majer,MOFF,30.0,7.73,Wolfsburg,AZ Alkmaar,AZ Alkmaar,AZ Alkmaar,53.6,52.3,57.7,60.6
Christian Eriksen,AIL,36.0,5.49,Wolfsburg,Wolfsburg,Wolfsburg,AS Saint-Etienne,41.3,42.7,47.3,43.9
Mohamed Amoura,AC,28.0,9.11,Wolfsburg,Wolfsburg,Wolfsburg,Wolfsburg,85.5,83.7,69.2,64.3
Moi Backhaus,GAR,24.0,6.92,Werder Bremen,Werder Bremen,Rayo Vallecano,Rayo Vallecano,41.5,48.5,55.1,55.4
Marco Friedl,DC,30.0,8.81,Werder Bremen,Werder Bremen,Werder Bremen,Werder Bremen,46.2,48.3,60.8,63.5
Yukinari Sugawara,LAT,28.0,17.4,Werder Bremen,Werder Bremen,FC Porto,FC Porto,45.3,49.9,73.6,83.2
Senne Lynen,MDEF,29.0,4.8,Werder Bremen,Werder Bremen,UD Levante,UD Levante,40.0,40.6,39.0,38.8
Isaac Schmidt,MOFF,28.0,6.69,Werder Bremen,Werder Bremen,FC Twente,FC Twente,75.3,75.7,55.6,53.5
Samuel Mbangula,AIL,24.0,10.95,Werder Bremen,Werder Bremen,FC Twente,FC Twente,58.5,68.3,72.2,69.2
Victor Boniface,AC,27.0,8.06,Werder Bremen,Werder Bremen,Fiorentina,Fiorentina,84.9,84.8,67.6,61.5
Oliver Baumann,GAR,,,Hoffenheim,Hoffenheim,Hoffenheim,,77.6,72.9,52.3,
Robin Hranac,DC,29.0,2.58,Hoffenheim,Hoffenheim,GD Estoril Praia,GD Estoril Praia,14.4,16.8,27.1,25.1
Bernardo,LAT,33.0,3.25,Hoffenheim,Alanyaspor,Alanyaspor,Alanyaspor,30.9,32.8,31.3,29.2
Leon Avdullahu,MDEF,24.0,4.84,Hoffenheim,Hoffenheim,SC Heerenveen,SC Heerenveen,41.5,41.6,40.9,39.0
Muhammed Damar,MOFF,24.0,9.64,Hoffenheim,Hoffenheim,Hoffenheim,LOSC,41.5,51.3,65.2,65.7
Bazoumana Touré,AIL,22.0,12.26,Hoffenheim,Hoffenheim,Fiorentina,Fiorentina,51.9,65.5,74.9,72.7
Tim Lemperle,AC,26.0,9.34,Hoffenheim,Hoffenheim,Hoffenheim,Hoffenheim,47.6,60.0,68.6,64.9
Noah Atubolu,GAR,26.0,14.1,SC Fribourg,SC Fribourg,AZ Alkmaar,AZ Alkmaar,81.7,82.0,80.6,77.6
Matthias Ginter,DC,34.0,10.54,SC Fribourg,SC Fribourg,SC Fribourg,SC Fribourg,74.8,71.5,69.4,68.1
Lukas Kübler,LAT,36.0,3.73,SC Fribourg,SC Fribourg,Crystal Palace,Crystal Palace,29.6,31.3,29.6,32.2
Maximilian Eggestein,MDEF,32.0,5.24,SC Fribourg,SC Fribourg,SC Fribourg,KV Mechelen,31.3,32.9,40.6,41.9
Johan Manzambi,MOFF,23.0,9.38,SC Fribourg,SC Fribourg,SC Fribourg,SC Fribourg,42.7,44.9,59.7,65.0
Niklas Beste,AIL,29.0,6.94,SC Fribourg,SC Fribourg,Newcastle,Newcastle,40.0,40.9,54.0,55.5
Igor Matanovic,AC,25.0,7.5,SC Fribourg,SC Fribourg,SC Fribourg,SC Fribourg,33.6,41.2,61.9,60.0
Josep Martinez,GAR,30.0,18.0,Inter Milan,Inter Milan,Inter Milan,Inter Milan,40.0,50.4,76.6,84.0
Alessandro Bastoni,DC,29.0,23.7,Inter Milan,Atlético Madrid,Atlético Madrid,Atlético Madrid,94.1,91.7,91.5,91.6
Denzel Dumfries,LAT,32.0,24.22,Inter Milan,Inter Milan,Inter Milan,Bournemouth,90.1,87.8,90.1,92.3
Nicolo Barella,MDEF,31.0,21.45,Inter Milan,Inter Milan,Bournemouth,Bournemouth,90.3,89.0,89.4,88.6
Andy Diouf,MOFF,25.0,26.32,Inter Milan,Inter Milan,Inter Milan,KVC Westerlo,83.6,85.1,93.2,95.1
Marcus Thuram,AIL,31.0,23.47,Inter Milan,Inter Milan,Inter Milan,Inter Milan,87.8,84.7,90.4,91.3
Lautaro Martinez,AC,31.0,25.5,Inter Milan,Inter Milan,Inter Milan,Manchester City,95.1,92.2,94.5,94.0
Vanja Milinković-Savić,GAR,31.0,6.66,SSC Napoli,SSC Napoli,Brighton,Brighton,57.7,56.5,55.2,53.3
Alessandro Buongiorno,DC,29.0,14.89,SSC Napoli,Fenerbahce,Fenerbahce,Fenerbahce,78.7,76.7,78.4,79.7
Giovanni Di Lorenzo,LAT,35.0,12.75,SSC Napoli,SSC Napoli,SSC Napoli,SSC Napoli,79.6,76.0,71.2,74.0
Scott McTominay,MDEF,32.0,14.51,SSC Napoli,Juventus Turin,Juventus Turin,Juventus Turin,90.1,87.0,82.1,78.7
Kévin De Bruyne,MOFF,,,SSC Napoli,SSC Napoli,SSC Napoli,,77.6,75.0,64.5,
Matteo Politano,AIL,35.0,12.9,SSC Napoli,SSC Napoli,SSC Napoli,Feynenoord Rotterdam,68.0,68.8,73.7,74.4
Rasmus Hojlund,AC,25.0,17.93,SSC Napoli,Ajax Amsterdam,Ajax Amsterdam,Ajax Amsterdam,83.6,84.9,84.9,83.9
Michele Di Gregorio,GAR,31.0,19.72,Juventus Turin,KRC Genk,KRC Genk,LOSC,70.8,79.8,86.8,86.3
Bremer,DC,31.0,20.4,Juventus Turin,Juventus Turin,Borussia Dortmund,Borussia Dortmund,87.8,88.4,87.8,87.2
Andrea Cambiaso,LAT,28.0,14.21,Juventus Turin,Juventus Turin,Juventus Turin,Juventus Turin,89.0,90.7,80.0,77.9
Manuel Locatelli,MDEF,30.0,26.78,Juventus Turin,Stade Rennais,Stade Rennais,Stade Rennais,86.1,89.4,95.0,95.7
Kephren Thuram,MOFF,27.0,16.57,Juventus Turin,Juventus Turin,Juventus Turin,AS Roma,92.0,94.6,84.3,82.1
Kenan Yildiz,AIL,23.0,27.6,Juventus Turin,Juventus Turin,Werder Bremen,Werder Bremen,98.1,97.8,97.3,96.8
Dusan Vlahovic,AC,28.0,24.68,Juventus Turin,Bayern Munich,Bayern Munich,Bayern Munich,89.0,93.8,92.9,92.9
Mike Maignan,GAR,33.0,18.45,AC Milan,AC Milan,Villareal,Villareal,92.9,91.6,87.2,84.6
Matteo Gabbia,DC,29.0,13.12,AC Milan,Girona FC,Girona FC,Girona FC,60.2,73.0,76.8,75.0
Davide Bartesaghi,LAT,22.0,16.2,AC Milan,Como,Como,Hannover 96,43.3,70.0,83.5,81.6
Adrien Rabiot,MDEF,33.0,22.57,AC Milan,AC Milan,AC Milan,AC Milan,87.0,86.9,89.9,90.1
Ruben Loftus-cheek,MOFF,32.0,23.03,AC Milan,AC Milan,AC Milan,AC Milan,69.6,81.3,90.2,90.7
Christian Pulisic,AIL,30.0,24.15,AC Milan,AC Milan,AC Milan,AC Milan,89.5,90.5,92.4,92.2
Rafael Leao,AC,29.0,23.62,AC Milan,AC Milan,AC Milan,AC Milan,86.1,88.6,93.0,91.5
Marco Carnesecchi,GAR,28.0,12.79,Atalanta,Atalanta,Atalanta,Atalanta,95.8,92.6,77.7,74.1
Isak Hien,DC,29.0,7.33,Atalanta,Angers SCO,Angers SCO,Angers SCO,53.6,52.6,59.6,58.6
Berat Djimsti,LAT,35.0,6.35,Atalanta,Atalanta,Atalanta,Atalanta,56.1,51.5,48.5,50.8
Mario Pasalic,MDEF,33.0,5.6,Atalanta,FC Saint Pauli,FC Saint Pauli,FC Saint Pauli,56.9,54.7,47.0,44.8
Charles De Kelelaere,MOFF,27.0,11.33,Atalanta,Atalanta,Atalanta,Atalanta,94.3,90.1,70.6,70.2
Kamaldeen Sulemana,AIL,26.0,10.69,Atalanta,Atalanta,KAA La Gantoise,KAA La Gantoise,47.6,52.8,66.4,68.5
Ademola Lookman,AC,31.0,14.62,Atalanta,Atalanta,KVC Westerlo,KVC Westerlo,84.5,80.8,82.0,79.0
Jean Butez,GAR,33.0,7.21,Como,Como,Sporting CP,Sporting CP,37.3,43.9,54.6,57.7
Diego Carlos,DC,35.0,7.99,Como,Fiorentina,Fiorentina,Fiorentina,56.1,61.2,65.1,61.3
Alex Valle,LAT,24.0,9.64,Como,Toulouse FC,Toulouse FC,Toulouse FC,41.5,55.5,68.3,65.7
Maxence Caqueret,MDEF,28.0,9.49,Como,Como,GO Ahead Eagles,GO Ahead Eagles,85.5,84.1,66.8,65.3
Nico Paz,MOFF,24.0,29.47,Como,Stade Rennais,FC Barcelone,FC Barcelone,97.3,94.9,99.1,99.3
Jesus Rodriguez,AIL,23.0,13.8,Como,Como,Como,Como,65.6,75.1,80.8,76.8
Alvaro Morata,AC,36.0,7.45,Como,Como,Como,KAA La Gantoise,61.1,64.2,64.9,59.6
Lukaza Skorupski,GAR,,,FC Bologna,FC Bologna,FC Bologna,,52.2,49.2,36.1,
Torbjørn Heggem,DC,29.0,2.92,FC Bologna,FC Bologna,Hannover 96,Hannover 96,23.5,24.4,27.2,27.2
Juan Miranda,LAT,28.0,5.7,FC Bologna,FC Bologna,FC Bologna,FC Bologna,61.7,58.0,41.9,45.6
Remo Freuler,MDEF,36.0,7.31,FC Bologna,FC Bologna,FC Bologna,Caykur Rizespor,71.7,67.9,57.4,58.5
Jens Odgaard,MOFF,29.0,5.42,FC Bologna,FC Bologna,Borussia Mönchengladbach,Borussia Mönchengladbach,40.0,40.6,41.3,43.4
Nicolo Cambiaghi,AIL,27.0,6.17,FC Bologna,FC Bologna,FC Bologna,FC Bologna,52.6,56.2,48.4,49.4
Santiago Castro,AC,24.0,13.42,FC Bologna,FC Bologna,FC Bologna,FC Bologna,72.4,74.6,79.8,75.8
David De Gea,GAR,,,Fiorentina,Fiorentina,Fiorentina,,84.3,81.4,62.1,
Luca Ranieri,DC,29.0,4.24,Fiorentina,Vitória Guimarães SC,Vitória Guimarães SC,Pisa SC,33.8,36.5,37.1,35.3
Robin Gosens,LAT,34.0,6.29,Fiorentina,Fiorentina,Fiorentina,Moreirense FC,56.3,51.6,52.1,50.3
Nicolo Fagioli,MDEF,27.0,5.11,Fiorentina,Fiorentina,Fiorentina,US Sassuolo,67.1,65.3,44.7,40.9
Albert Guðmundsson,MOFF,31.0,6.1,Fiorentina,FC Groningen,FC Groningen,FC Groningen,51.0,50.9,53.6,48.8
Roberto Piccoli,AIL,27.0,6.16,Fiorentina,Fiorentina,Gaziantep FK,Sporting Charleroi,59.7,66.2,49.4,49.3
Moise Kean,AC,28.0,16.28,Fiorentina,Fiorentina,Werder Bremen,Werder Bremen,93.6,90.6,84.1,81.7
Ivan Provedel,GAR,34.0,12.0,Lazio Rome,Lazio Rome,Lazio Rome,Lazio Rome,74.8,71.2,71.5,72.0
Mario Gila,DC,28.0,10.8,Lazio Rome,Como,Como,Como,85.5,83.7,71.4,68.8
Nuno Tavares,LAT,28.0,10.76,Lazio Rome,Lazio Rome,Lazio Rome,Lazio Rome,68.2,69.7,64.6,68.7
Matteo Guendouzi,MDEF,29.0,11.92,Lazio Rome,Villareal,Villareal,Villareal,78.7,76.2,73.4,71.8
Toma Basic,MOFF,32.0,6.55,Lazio Rome,Lazio Rome,Lazio Rome,Lazio Rome,17.6,23.0,45.1,52.4
Mattia Zaccagni,AIL,33.0,14.25,Lazio Rome,Lazio Rome,Lazio Rome,Moreirense FC,84.0,80.6,78.7,78.0
Matteo Cancellieri,AC,26.0,6.2,Lazio Rome,Villareal,FC Nantes,FC Nantes,39.5,51.8,55.0,49.6
Mile Svilar,GAR,29.0,16.35,AS Roma,Bournemouth,Bournemouth,Bournemouth,86.1,82.9,82.9,81.8
Gianluca Mancini,DC,32.0,13.46,AS Roma,AS Roma,AS Roma,KVC Westerlo,84.2,81.1,77.3,75.9
Wesley,LAT,25.0,17.25,AS Roma,AS Roma,SC Fribourg,SC Fribourg,87.2,85.9,83.8,83.0
Bryan Cristante,MDEF,33.0,7.3,AS Roma,Pisa SC,Pisa SC,Pisa SC,69.3,68.6,59.2,58.4
Manu Koné,MOFF,27.0,17.85,AS Roma,AS Roma,AS Roma,Trabzonspor,97.0,94.8,84.7,83.8
Matias Soulé,AIL,25.0,21.75,AS Roma,AS Roma,AS Roma,AS Roma,90.9,89.8,90.5,89.0
Artem Dovbyk,AC,31.0,12.15,AS Roma,AS Roma,AS Roma,Bayer Leverkusen,64.8,68.2,74.8,72.4
Lucas Chevalier,GAR,27.0,28.8,PSG,PSG,PSG,PSG,96.0,96.9,96.8,98.4
Marquinhos,DC,34.0,28.88,PSG,PSG,PSG,PSG,86.9,94.4,98.4,98.5
Achraf Hakimi,LAT,30.0,29.55,PSG,PSG,PSG,Inter Milan,97.9,98.2,99.2,99.4
Vitinha,MDEF,28.0,26.03,PSG,PSG,PSG,Alanyaspor,99.1,99.1,99.4,94.7
Désiré Doué,MOFF,23.0,29.93,PSG,PSG,PSG,PSG,98.8,99.9,99.9,99.9
Khvicha Kvaratskhelia,AIL,28.0,28.95,PSG,PSG,Manchester City,Manchester City,98.9,99.8,98.6,98.6
Ousmane Dembélé,AC,31.0,29.7,PSG,PSG,PSG,PSG,90.3,97.4,99.7,99.6
Géronimo Rulli,GAR,36.0,18.07,Olympique de Marseille,Olympique de Marseille,Valence FC,Valence FC,66.9,81.9,86.6,84.1
Benjamin Pavard,DC,32.0,19.95,Olympique de Marseille,Olympique de Marseille,Olympique de Marseille,Olympique de Marseille,76.5,86.0,88.3,86.6
Amir Murillo,LAT,32.0,15.0,Olympique de Marseille,KAA La Gantoise,KAA La Gantoise,KAA La Gantoise,50.2,71.8,80.5,80.0
Pierre-Emile Hojberg,MDEF,33.0,18.9,Olympique de Marseille,Olympique de Marseille,Olympique de Marseille,Real Sociedad,76.0,85.2,87.1,85.2
Bilal Nadir,MOFF,24.0,25.28,Olympique de Marseille,Olympique de Marseille,Olympique de Marseille,Olympique de Marseille,72.4,90.0,94.4,93.7
Mason Greenwood,AIL,27.0,23.4,Olympique de Marseille,Olympique de Marseille,Olympique de Marseille,Angers SCO,97.0,97.2,92.7,91.2
Robino Vaz,AC,21.0,25.8,Olympique de Marseille,Olympique de Marseille,Olympique de Marseille,Olympique de Marseille,74.7,92.1,95.6,94.4
Dominik Greif,GAR,31.0,6.89,Olympique Lyonnais,Olympique Lyonnais,Toulouse FC,KAA La Gantoise,57.7,56.5,56.4,55.1
Moussa Niakhaté,DC,32.0,13.2,Olympique Lyonnais,Olympique Lyonnais,KRC Genk,KRC Genk,64.3,62.7,73.3,75.2
Nicolas Tagliafico,LAT,36.0,6.25,Olympique Lyonnais,Olympique Lyonnais,Olympique Lyonnais,RB Leipzig,61.1,60.7,52.8,50.0
Tanner Tessmann,MDEF,27.0,6.69,Olympique Lyonnais,Olympique Lyonnais,Ajax Amsterdam,Ajax Amsterdam,73.6,70.7,49.9,53.5
Pavel Sulc,MOFF,27.0,9.19,Olympique Lyonnais,Olympique Lyonnais,Olympique Lyonnais,US Lecce,84.9,84.2,68.0,64.5
Malick Fofana,AIL,23.0,19.43,Olympique Lyonnais,Olympique Lyonnais,SC Fribourg,SC Fribourg,94.7,91.0,87.9,85.9
Roman Yaremchuk,AC,,,Olympique Lyonnais,,,,9.6,,,
Philipp Köhn,GAR,30.0,14.92,AS Monaco,Vfb Stuttgart,Vfb Stuttgart,Vfb Stuttgart,53.6,65.7,79.4,79.8
Christian Mawissa,DC,23.0,17.03,AS Monaco,AS Monaco,AS Monaco,AS Monaco,72.9,82.1,86.2,82.7
Vanderson,LAT,27.0,13.95,AS Monaco,Bournemouth,Bournemouth,Wolverhampton,80.0,83.6,75.6,77.2
Lamine Camara,MDEF,24.0,21.82,AS Monaco,AS Monaco,AS Monaco,Vfb Stuttgart,91.2,93.0,91.0,89.1
Aleksandr Golovin,MOFF,32.0,12.38,AS Monaco,AS Monaco,Strasbourg,Strasbourg,57.2,65.8,72.1,73.0
Takumi Minamino,AIL,33.0,7.44,AS Monaco,AS Monaco,AS Monaco,AS Monaco,43.6,55.0,61.5,59.5
Folarin Balogun,AC,27.0,9.79,AS Monaco,AS Monaco,AS Monaco,Sparta Rotterdam,73.6,83.9,68.8,66.1
Robin Risser,GAR,24.0,23.78,RC Lens,RC Lens,RC Lens,RC Lens,79.7,83.4,91.1,91.7
Malang Sarr,DC,29.0,8.36,RC Lens,RC Lens,Aston Villa,LOSC,53.6,55.4,63.3,62.3
Matthieu Udol,LAT,32.0,21.97,RC Lens,Stade Rennais,Stade Rennais,Stade Rennais,57.2,57.1,84.6,89.3
Mamadou Sangaré,MDEF,26.0,22.5,RC Lens,RC Lens,RC Lens,RC Lens,77.8,80.9,88.8,90.0
Adrien Thomasson,MOFF,34.0,11.03,RC Lens,Sparta Rotterdam,Sparta Rotterdam,Sparta Rotterdam,49.1,55.7,66.9,69.4
Florian Thauvin,AIL,35.0,11.55,RC Lens,RC Lens,Hoffenheim,Hoffenheim,73.5,77.3,73.5,70.8
Odsonne Edouard,AC,30.0,21.68,RC Lens,FC Porto,FC Porto,FC Porto,40.0,54.5,88.6,88.9
Berke Ozer,GAR,28.0,8.25,LOSC,LOSC,LOSC,Stade Rennais,68.2,74.1,62.9,62.0
Chancel Mbemba,DC,34.0,5.15,LOSC,LOSC,Standard de Liège,Standard de Liège,36.4,38.4,41.5,41.2
Romain Perraud,LAT,31.0,2.06,LOSC,LOSC,Plouhinec FC,Plouhinec FC,27.9,26.9,23.0,21.9
Nabil Bentaleb,MDEF,34.0,6.65,LOSC,LOSC,LOSC,Newcastle,42.9,44.0,52.4,53.2
Ayyoub Bouaddi,MOFF,21.0,18.75,LOSC,LOSC,LOSC,Borussia Dortmund,81.3,80.3,86.0,85.0
Matias Fernandez-Pardo,AIL,23.0,16.5,LOSC,LOSC,LOSC,PSV Eindhoven,72.9,76.6,83.4,82.0
Hamza Igamane,AC,26.0,12.6,LOSC,LOSC,LOSC,AS Roma,70.0,72.7,75.4,73.6
Mike Penders,GAR,23.0,15.38,Strasbourg,Strasbourg,Strasbourg,Strasbourg,72.9,78.2,81.3,80.5
Mamadou Sarr,DC,23.0,20.93,Strasbourg,Strasbourg,RC Lens,RC Lens,72.9,76.1,85.7,87.9
Guéla Doué,LAT,26.0,13.88,Strasbourg,Aston Villa,Aston Villa,Aston Villa,86.6,84.4,78.6,77.0
Valentin Barco,MDEF,24.0,14.66,Strasbourg,Strasbourg,Crystal Palace,Crystal Palace,88.1,86.4,82.7,79.1
Julio Enciso,MOFF,24.0,10.16,Strasbourg,Strasbourg,SC Heerenveen,SC Heerenveen,58.5,66.9,69.7,67.1
Kendry Paez,AIL,21.0,14.17,Strasbourg,Strasbourg,Strasbourg,Strasbourg,52.1,63.1,76.5,77.8
Joaqin Panichelli,AC,26.0,14.55,Strasbourg,Strasbourg,Strasbourg,Strasbourg,77.8,79.4,81.0,78.8
Brice Samba,GAR,34.0,20.85,Stade Rennais,Stade Rennais,Stade Rennais,Feynenoord Rotterdam,63.2,64.1,82.8,87.8
Lilian Brassier,DC,29.0,11.21,Stade Rennais,Stade Rennais,Liverpool FC,Liverpool FC,40.0,43.0,65.9,69.9
Quentin Merlin,LAT,26.0,12.34,Stade Rennais,Real Sociedad,Real Sociedad,Real Sociedad,81.7,80.1,71.8,72.9
Valentin Rongier,MDEF,34.0,13.09,Stade Rennais,Valence FC,Valence FC,Valence FC,68.8,68.0,75.3,74.9
Ludovic Blas,MOFF,30.0,9.3,Stade Rennais,CD Santa Clara,CD Santa Clara,CD Santa Clara,46.2,50.0,63.5,64.8
Mousa Tamari,AIL,31.0,6.58,Stade Rennais,Stade Rennais,Manchester United,Manchester United,44.7,47.4,56.1,52.6
Esteban Lepaul,AC,28.0,22.43,Stade Rennais,Stade Rennais,Stade Rennais,Stade Rennais,61.7,69.8,89.3,89.9
Guillaume Restes,GAR,23.0,13.39,Toulouse FC,Toulouse FC,Sporting Charleroi,Sporting Charleroi,84.7,81.8,79.2,75.7
Ramsus Nicolaisen,DC,31.0,5.29,Toulouse FC,Toulouse FC,Toulouse FC,Real Oviedo,38.5,38.7,46.4,42.3
Djibril Sidibé,LAT,36.0,1.48,Toulouse FC,Gil Vicente,Gil Vicente,Gil Vicente,29.6,28.9,18.8,16.9
Cristian Casseres Jnr,MDEF,28.0,3.8,Toulouse FC,Atalanta,Atalanta,Atalanta,45.3,42.3,29.8,32.6
Mario Sauer,MOFF,24.0,10.35,Toulouse FC,Valence FC,Valence FC,Valence FC,22.8,25.6,62.4,67.6
Yann Gboho,AIL,27.0,18.68,Toulouse FC,Toulouse FC,FC Porto,FC Porto,59.7,62.9,80.4,84.9
Emersonn,AC,24.0,4.63,Toulouse FC,Toulouse FC,Plouzané AC,Plouzané AC,22.8,33.3,42.3,37.7
Yvon Mvogo,GAR,34.0,6.99,FC Lorient,FC Lorient,FC Lorient,Uchiha Palaiseau,36.4,41.1,53.2,55.9
Montassar Talbi,DC,30.0,4.04,FC Lorient,FC Lorient,Plouhinec FC,Plouhinec FC,28.8,36.0,35.9,34.1
Arsène Kouassi,LAT,24.0,11.78,FC Lorient,FC Lorient,FC Lorient,Bayer Leverkusen,41.5,51.0,71.0,71.4
Arthur Avom,MDEF,24.0,11.85,FC Lorient,FC Lorient,FC Lorient,FC Lorient,58.5,63.2,72.7,71.6
Théo Le Bris,MOFF,25.0,4.68,FC Lorient,FC Lorient,Uchiha Palaiseau,Hoffenheim,33.1,38.0,36.9,38.0
Aiyegun Tosin,AIL,30.0,3.68,FC Lorient,FC Lorient,AS Anus,SO Millau,14.4,17.8,27.6,31.9
Pablo Pagis,AC,26.0,7.08,FC Lorient,FC Lorient,AZ Alkmaar,AZ Alkmaar,26.3,36.8,55.5,56.6
Rui Silva,GAR,34.0,12.64,Sporting CP,Sporting CP,SC Fribourg,SC Fribourg,68.8,74.7,74.4,73.7
Gonçalo Inacio,DC,27.0,13.72,Sporting CP,Sporting CP,Sporting CP,Sporting CP,92.0,91.5,78.0,76.6
Maxi Araujo,LAT,28.0,11.06,Sporting CP,Sporting CP,Sparta Rotterdam,Sparta Rotterdam,68.2,74.5,66.7,69.5
Morten Hjulmand,MDEF,29.0,19.28,Sporting CP,Galatasaray,Galatasaray,Galatasaray,82.9,84.3,86.5,85.7
Hidemasa Morita,MOFF,33.0,9.6,Sporting CP,Sporting CP,Sporting CP,Angers SCO,49.9,56.1,65.0,65.6
Francisco Trincao,AIL,28.0,14.29,Sporting CP,Sporting CP,Sporting CP,Sporting CP,91.4,90.8,81.1,78.1
Luis Suarez,AC,31.0,13.28,Sporting CP,Sporting CP,Sporting CP,Sporting CP,57.7,70.1,78.9,75.4
Anatolyi Trubin,GAR,27.0,20.25,SL Benfica,SL Benfica,SL Benfica,SL Benfica,88.5,89.1,86.4,87.0
Antonio Silva,DC,25.0,24.53,SL Benfica,SL Benfica,SL Benfica,SL Benfica,87.2,87.4,91.7,92.7
Alexander Bah,LAT,31.0,13.58,SL Benfica,SL Benfica,SL Benfica,SL Benfica,44.7,47.8,70.0,76.2
Richard Rios,MDEF,28.0,20.03,SL Benfica,SL Benfica,SL Benfica,Hoffenheim,80.7,84.5,85.5,86.7
Fredrik Aursnes,MOFF,33.0,15.97,SL Benfica,SL Benfica,SL Benfica,SL Benfica,64.1,67.7,76.0,81.3
Georgiy Sudakov,AIL,26.0,21.07,SL Benfica,SL Benfica,Athletic Bilbao,Athletic Bilbao,89.8,89.3,89.5,88.1
Vangelis Pavlidis,AC,30.0,21.38,SL Benfica,RC Lens,RC Lens,RC Lens,82.9,82.3,89.2,88.5
Diogo Costa,GAR,29.0,16.95,FC Porto,FC Porto,Olympique de Marseille,Olympique de Marseille,86.1,85.6,83.3,82.6
Jan Bednarek,DC,32.0,10.46,FC Porto,CD Santa Clara,CD Santa Clara,CD Santa Clara,50.2,59.8,68.9,67.9
Alberto Costa,LAT,25.0,15.53,FC Porto,FC Porto,Getafe,Getafe,71.1,79.3,81.5,80.7
Alan Varela,MDEF,27.0,15.6,FC Porto,FC Porto,RB Leipzig,RB Leipzig,88.5,89.7,82.2,80.8
Rodrigo Mora,MOFF,21.0,24.0,FC Porto,FC Porto,Bournemouth,Bournemouth,81.3,86.1,91.3,92.0
Pepê,AIL,31.0,9.56,FC Porto,FC Porto,SC Braga,SC Braga,51.0,59.1,66.2,65.5
Samu Aghehowa,AC,24.0,29.03,FC Porto,FC Barcelone,FC Barcelone,FC Barcelone,88.1,89.2,98.7,98.7
Lukas Hornicek,GAR,26.0,10.5,SC Braga,SC Braga,SC Braga,SC Braga,55.4,60.4,66.5,68.0
Sikou Niakaté,DC,29.0,4.69,SC Braga,SC Braga,KV Mechelen,KV Mechelen,33.8,37.1,40.7,38.1
Leonardo Lelo,LAT,28.0,7.05,SC Braga,SC Braga,Girona FC,Girona FC,61.7,60.9,53.0,56.4
Gorby,MDEF,26.0,6.3,SC Braga,SC Braga,Borussia Mönchengladbach,Borussia Mönchengladbach,39.5,45.4,50.7,50.4
Ridrigo Zalazar,MOFF,29.0,7.84,SC Braga,SC Braga,SC Braga,SC Braga,60.2,58.1,58.0,60.9
Ricardo Horta,AIL,34.0,10.39,SC Braga,SC Braga,Basaksehir FK,Basaksehir FK,68.8,67.6,67.1,67.7
Fran Navarro,AC,30.0,5.64,SC Braga,SC Braga,Samsunspor,Samsunspor,28.8,35.5,46.1,45.1
Andrew,GAR,27.0,3.91,Gil Vicente,Gil Vicente,Gil Vicente,Gil Vicente,67.1,67.0,39.7,33.3
Buatu,DC,35.0,1.58,Gil Vicente,Gil Vicente,Juventus Turin,Uchiha Palaiseau,7.3,8.0,17.6,18.0
Ghislain Konan,LAT,32.0,1.75,Gil Vicente,Hellas Verona,Hellas Verona,Hellas Verona,22.0,20.3,16.8,20.0
Facundo Caseres,MDEF,27.0,0.93,Gil Vicente,Gil Vicente,Wolverhampton,Wolverhampton,18.6,20.0,9.4,10.6
Luis Esteves,MOFF,30.0,1.25,Gil Vicente,Sunderland,Sunderland,Sunderland,19.0,17.6,14.5,14.3
Murilo,AIL,34.0,0.98,Gil Vicente,Union Berlin,Union Berlin,Union Berlin,13.0,11.2,11.9,11.1
Pablo,AC,24.0,6.36,Gil Vicente,FC Groningen,FC Groningen,FC Groningen,49.5,49.5,60.4,50.9
Gabriel Batista,GAR,30.0,5.06,CD Santa Clara,CD Santa Clara,CD Santa Clara,CD Santa Clara,23.5,25.4,37.8,40.5
Sidney Lima,DC,31.0,2.22,CD Santa Clara,Everton FC,Everton FC,Rodez AF,13.8,13.1,24.6,22.9
Lucas Soares,LAT,30.0,0.81,CD Santa Clara,CD Santa Clara,RCD Mallorca,RCD Mallorca,8.4,7.9,8.5,9.2
Adriano Firmino,MDEF,28.0,2.03,CD Santa Clara,CD Santa Clara,AS Anus,LOSC,10.9,11.0,16.1,21.7
Serginho,MOFF,29.0,0.5,CD Santa Clara,Espanyol Barcelona,Espanyol Barcelona,Espanyol Barcelona,6.7,5.8,5.0,5.6
Gabriel Silva,AIL,26.0,9.41,CD Santa Clara,CD Santa Clara,CD Santa Clara,KVC Westerlo,55.4,53.3,66.1,65.1
Wendel,AC,28.0,1.19,CD Santa Clara,Real Oviedo,Real Oviedo,Uchiha Palaiseau,15.7,20.6,14.6,13.6
Lazar Carevic,GAR,29.0,2.74,FC Famalicao,FC Famalicao,FC Famalicao,FC Famalicao,14.4,21.1,28.2,26.1
Justin De Haas,DC,28.0,5.44,FC Famalicao,FC Famalicao,FC Famalicao,FC Famalicao,45.3,53.3,44.6,43.5
Rodrigo Pinheiro,LAT,26.0,5.67,FC Famalicao,FC Famalicao,FC Famalicao,FC Famalicao,33.1,40.3,43.6,45.4
Mathias De Amorim,MDEF,24.0,4.92,FC Famalicao,FC Famalicao,FC Famalicao,FC Famalicao,22.8,28.7,41.1,39.5
Gustavo Sa,MOFF,24.0,7.76,FC Famalicao,Wolfsburg,Wolfsburg,Plouzané AC,58.5,55.9,61.7,60.7
Sorriso,AIL,27.0,5.46,FC Famalicao,FC Famalicao,Besiktas JK,West Ham,52.6,53.9,46.0,43.7
Simon Elisor,AC,29.0,1.83,FC Famalicao,FC Famalicao,FC Famalicao,FC Saint Pauli,8.4,11.5,24.3,20.5
Joel Robles,GAR,,,GD Estoril Praia,GD Estoril Praia,Elche CF,,20.1,14.9,5.9,
Felix Bacher,DC,28.0,1.04,GD Estoril Praia,GD Estoril Praia,Deportivo Alavés,SO Millau,15.7,18.4,11.7,11.8
Pedro Amaral,LAT,31.0,1.39,GD Estoril Praia,GD Estoril Praia,GD Estoril Praia,GD Estoril Praia,10.3,9.8,12.6,15.9
Nodar Lominadze,MDEF,26.0,0.37,GD Estoril Praia,GD Estoril Praia,FC Augsburg,FC Augsburg,4.3,4.0,3.6,4.1
Joao Carvalho,MOFF,31.0,0.85,GD Estoril Praia,GD Estoril Praia,US Sassuolo,US Sassuolo,18.1,13.9,10.7,9.7
André lacximicant,AIL,27.0,1.88,GD Estoril Praia,GD Estoril Praia,FC Lorient,Genoa CFC,14.1,18.7,19.0,20.8
Yanis Bergraoui,AC,26.0,2.76,GD Estoril Praia,Mainz 05,Uchiha Palaiseau,Nottingham Forest,36.8,40.0,26.4,26.2
André Ferreira,GAR,32.0,0.97,Moreirense FC,Moreirense FC,Moreirense FC,Moreirense FC,6.3,5.9,9.1,11.0
Maracas,DC,34.0,2.73,Moreirense FC,Moreirense FC,FC Bologna,FC Bologna,17.1,17.0,25.1,26.0
Kiko,LAT,26.0,5.62,Moreirense FC,Moreirense FC,Moreirense FC,Uchiha Palaiseau,33.1,35.6,40.0,45.0
Vasco Sousa,MDEF,25.0,3.28,Moreirense FC,Real Oviedo,Real Oviedo,AS Saint-Etienne,21.1,24.1,28.4,29.4
Alan,MOFF,28.0,4.07,Moreirense FC,Moreirense FC,Moreirense FC,Moreirense FC,52.9,48.7,32.2,34.3
Landerson,AIL,22.0,1.68,Moreirense FC,Moreirense FC,Moreirense FC,Club Brugge,2.4,4.2,16.0,19.2
Guilherme Schettine,AC,33.0,1.22,Moreirense FC,Elche CF,Elche CF,Elche CF,13.3,14.1,15.0,13.9
Juan Castillo,GAR,25.0,2.63,Vitória Guimarães SC,Deportivo Alavés,SO Millau,SO Millau,16.2,20.1,26.3,25.4
Rodrigo Abascal,DC,34.0,1.34,Vitória Guimarães SC,UD Levante,UD Levante,UD Levante,13.0,14.6,14.8,15.3
Maga,LAT,26.0,4.03,Vitória Guimarães SC,Vitória Guimarães SC,Vitória Guimarães SC,Vitória Guimarães SC,26.3,32.6,31.6,34.0
Beni Mukendi,MDEF,26.0,1.38,Vitória Guimarães SC,Vitória Guimarães SC,Vitória Guimarães SC,Vitória Guimarães SC,15.4,16.2,14.9,15.8
Samu,MOFF,32.0,3.18,Vitória Guimarães SC,Vitória Guimarães SC,FC Bologna,FC Bologna,22.0,18.3,25.4,28.8
Telmo Arcanjo,AIL,27.0,2.42,Vitória Guimarães SC,Vitória Guimarães SC,GD Estoril Praia,GD Estoril Praia,29.9,32.4,22.4,24.1
Nelson Oliveira,AC,,,Vitória Guimarães SC,Vitória Guimarães SC,Vitória Guimarães SC,,9.3,8.2,6.0,
Matej Kovar,GAR,28.0,15.15,PSV Eindhoven,PSV Eindhoven,PSV Eindhoven,PSV Eindhoven,61.7,70.8,74.6,80.2
Ryan Flamingo,DC,26.0,23.18,PSV Eindhoven,PSV Eindhoven,PSV Eindhoven,PSV Eindhoven,81.7,85.4,90.6,90.9
Sergiño Dest,LAT,28.0,15.9,PSV Eindhoven,PSV Eindhoven,Feynenoord Rotterdam,Feynenoord Rotterdam,75.3,77.4,77.2,81.2
Jerdy Schouten,MDEF,32.0,21.53,PSV Eindhoven,PSV Eindhoven,FC Porto,FC Porto,64.3,70.5,85.9,88.7
Ismael Saibari,MOFF,27.0,20.7,PSV Eindhoven,PSV Eindhoven,PSV Eindhoven,PSV Eindhoven,88.5,86.7,84.5,87.6
Dennis Man,AIL,30.0,15.75,PSV Eindhoven,PSV Eindhoven,PSV Eindhoven,Gaziantep FK,46.2,48.1,76.1,81.0
Ricardo Pepi,AC,26.0,23.93,PSV Eindhoven,PSV Eindhoven,PSV Eindhoven,PSV Eindhoven,77.8,79.6,91.9,91.9
Timon Wellenreuther,GAR,33.0,12.67,Feynenoord Rotterdam,Feynenoord Rotterdam,Feynenoord Rotterdam,RB Leipzig,43.6,54.3,72.3,73.8
Anel Ahmedhodzic,DC,29.0,7.65,Feynenoord Rotterdam,Feynenoord Rotterdam,SC Braga,SC Braga,40.0,47.7,60.2,60.4
Givairo Read,LAT,22.0,12.41,Feynenoord Rotterdam,Feynenoord Rotterdam,FC Twente,FC Twente,67.0,74.9,74.2,73.1
Oussama Targhalline,MDEF,26.0,20.55,Feynenoord Rotterdam,Feynenoord Rotterdam,Feynenoord Rotterdam,Feynenoord Rotterdam,47.6,63.0,87.4,87.4
Quinten Timber,MOFF,27.0,21.15,Feynenoord Rotterdam,Feynenoord Rotterdam,Feynenoord Rotterdam,Feynenoord Rotterdam,92.0,91.9,88.0,88.2
Anis Hadj Moussa,AIL,26.0,23.55,Feynenoord Rotterdam,Feynenoord Rotterdam,Feynenoord Rotterdam,Trabzonspor,77.8,84.0,92.0,91.4
Ayase Ueda,AC,30.0,9.71,Feynenoord Rotterdam,Feynenoord Rotterdam,Girona FC,Girona FC,33.8,49.3,67.7,65.9
Vitezslav Jaros,GAR,27.0,7.16,Ajax Amsterdam,Ajax Amsterdam,Ajax Amsterdam,Ajax Amsterdam,36.8,62.0,54.7,57.3
Youri Baas,DC,25.0,18.53,Ajax Amsterdam,SSC Napoli,SSC Napoli,SSC Napoli,65.3,78.0,84.8,84.7
Owen Wijndal,LAT,29.0,6.19,Ajax Amsterdam,Ajax Amsterdam,Ajax Amsterdam,Ajax Amsterdam,23.5,34.9,43.5,49.5
Youri Regeer,MDEF,25.0,10.91,Ajax Amsterdam,Ajax Amsterdam,Wolfsburg,Wolfsburg,48.4,69.0,70.7,69.1
Davy Klaassen,MOFF,35.0,8.74,Ajax Amsterdam,Ajax Amsterdam,Ajax Amsterdam,Ajax Amsterdam,48.8,58.5,61.3,63.3
Mika Godts,AIL,23.0,17.78,Ajax Amsterdam,Ajax Amsterdam,Ajax Amsterdam,Ajax Amsterdam,59.3,77.2,84.4,83.7
Wout Weghorst,AC,36.0,11.59,Ajax Amsterdam,Lazio Rome,Lazio Rome,Lazio Rome,48.2,61.7,71.3,70.9
Rome Jayden Owusu-Oduro,GAR,24.0,9.08,AZ Alkmaar,AZ Alkmaar,GD Estoril Praia,GD Estoril Praia,35.4,46.1,64.7,64.2
Wouter Goes,DC,24.0,15.3,AZ Alkmaar,AZ Alkmaar,AZ Alkmaar,AZ Alkmaar,79.7,81.7,82.6,80.4
Mees de Wit,LAT,30.0,1.31,AZ Alkmaar,AZ Alkmaar,Union Berlin,Angers SCO,10.9,15.3,15.4,14.9
Peer Koopmeiners,MDEF,28.0,8.89,AZ Alkmaar,AZ Alkmaar,AZ Alkmaar,FC Bologna,61.7,70.8,62.2,63.7
Sven Mijnans,MOFF,28.0,5.79,AZ Alkmaar,Fiorentina,Fiorentina,Fiorentina,52.9,58.4,47.7,46.3
Weslley Patati,AIL,25.0,11.74,AZ Alkmaar,AZ Alkmaar,Toulouse FC,Toulouse FC,71.1,74.8,74.1,71.3
Troy Parrott,AC,26.0,11.81,AZ Alkmaar,AZ Alkmaar,Angers SCO,Angers SCO,55.4,66.4,75.0,71.5
Vasilios Barkas,GAR,34.0,3.9,FC Utrecht,Sunderland,Union Berlin,Union Berlin,25.7,34.4,35.1,33.2
Mike van der Hoorn,DC,36.0,3.05,FC Utrecht,FC Utrecht,FC Utrecht,Elche CF,29.6,31.6,27.4,28.0
Souffian El Karouani,LAT,28.0,4.4,FC Utrecht,FC Utrecht,FC Utrecht,FC Utrecht,52.9,49.8,32.2,36.3
Alonzo Engwanda,MDEF,25.0,7.41,FC Utrecht,FC Utrecht,Werder Bremen,Werder Bremen,21.1,27.4,51.3,59.3
Gjivai Zechiël,MOFF,24.0,3.47,FC Utrecht,FC Utrecht,SO Millau,SO Millau,16.8,25.8,30.2,30.6
Miguel Rodríguez,AIL,25.0,16.43,FC Utrecht,Galatasaray,Galatasaray,Galatasaray,48.4,61.8,79.6,81.9
Sébastien Haller,AC,34.0,7.14,FC Utrecht,FC Utrecht,FC Utrecht,FC Utrecht,42.9,48.6,59.8,57.1
Etienne Vaessen,GAR,33.0,0.54,FC Groningen,FC Groningen,FC Groningen,FC Groningen,9.9,10.1,7.9,6.1
Thijmen Blokzijl,DC,23.0,1.45,FC Groningen,FC Groningen,FC Groningen,CA Osasuna,12.6,13.7,22.2,16.5
Marco Rente,LAT,31.0,0.45,FC Groningen,FC Groningen,Real Oviedo,Real Oviedo,6.4,5.4,4.7,5.1
Stije Resink,MDEF,25.0,1.28,FC Groningen,FC Groningen,FC Groningen,FC Groningen,21.1,20.4,17.8,14.6
Tika de Jonge,MOFF,25.0,1.25,FC Groningen,Göztepe,Göztepe,Göztepe,8.3,9.6,14.7,14.2
Younes Taha,AIL,26.0,2.61,FC Groningen,FC Groningen,FC Groningen,FC Lorient,10.6,16.3,33.6,25.3
Thom van Bergen,AC,25.0,3.85,FC Groningen,Sporting Charleroi,Sporting Charleroi,Red Star FC,11.7,16.5,38.6,32.9
Joël Drommel,GAR,32.0,5.01,Sparta Rotterdam,Sparta Rotterdam,Sparta Rotterdam,Sparta Rotterdam,17.6,15.4,34.4,40.1
Marvin Young,DC,23.0,8.17,Sparta Rotterdam,Sparta Rotterdam,Sparta Rotterdam,Sparta Rotterdam,23.4,25.2,56.0,61.8
Bruno Martins Indi,LAT,36.0,0.27,Sparta Rotterdam,Sparta Rotterdam,US Sassuolo,US Sassuolo,6.0,5.1,2.9,3.0
Joshua Kitolano,MDEF,25.0,3.5,Sparta Rotterdam,Espanyol Barcelona,Hannover 96,Plouzané AC,21.1,21.7,26.6,30.8
Julian Baas,MOFF,26.0,1.65,Sparta Rotterdam,FC Famalicao,FC Famalicao,FC Famalicao,10.6,13.8,18.4,18.8
Mitchell van Bergen,AIL,29.0,0.96,Sparta Rotterdam,Sparta Rotterdam,US Lecce,US Lecce,8.4,9.9,10.8,10.9
Tobias Lauritsen,AC,31.0,5.9,Sparta Rotterdam,Sparta Rotterdam,Sparta Rotterdam,FC Famalicao,18.1,18.0,43.8,47.2
Issam El Maach,GAR,28.0,0.46,FC Twente,FC Twente,FC Twente,FC Twente,5.4,6.7,5.2,5.2
Robin Pröpper,DC,35.0,2.14,FC Twente,FC Twente,FC Twente,FC Utrecht,20.7,22.1,25.2,22.4
Mats Rots,LAT,22.0,3.7,FC Twente,FC Twente,AS Saint-Etienne,AS Saint-Etienne,12.8,17.9,29.8,32.0
Ramiz Zerrouki,MDEF,30.0,4.85,FC Twente,FC Twente,SC Braga,SC Braga,23.5,24.2,35.0,39.1
Kristian Hlynsson,MOFF,24.0,2.35,FC Twente,FC Twente,Red Star FC,Red Star FC,16.8,21.2,24.2,23.7
Marko Pjaca,AIL,33.0,5.25,FC Twente,FC Twente,Udinese Calcio,Udinese Calcio,27.2,26.7,38.5,42.0
Sam Lammers,AC,31.0,3.38,FC Twente,FC Twente,FC Twente,Sporting Charleroi,22.4,24.8,33.1,30.0
Bernt Klaverboer,GAR,23.0,1.03,SC Heerenveen,SC Heerenveen,SC Heerenveen,SC Heerenveen,5.2,7.7,12.0,11.7
Sam Kersten,DC,30.0,0.52,SC Heerenveen,SC Heerenveen,SC Heerenveen,SC Heerenveen,3.9,4.9,6.4,5.9
Vasilios Zagaritis,LAT,27.0,0.41,SC Heerenveen,SC Heerenveen,FC Saint Pauli,FC Saint Pauli,7.6,9.1,4.8,4.6
Joris van Overeem,MDEF,34.0,0.78,SC Heerenveen,SC Heerenveen,Espanyol Barcelona,Espanyol Barcelona,9.7,9.2,8.6,8.9
Luuk Brouwers,MOFF,30.0,0.42,SC Heerenveen,SC Heerenveen,Celta Vigo,Celta Vigo,5.7,5.7,5.3,4.7
Jacob Trenskow,AIL,28.0,1.14,SC Heerenveen,Everton FC,Everton FC,Everton FC,15.7,19.8,13.9,13.0
Dylan Vente,AC,29.0,1.32,SC Heerenveen,SC Heerenveen,SC Heerenveen,SC Heerenveen,8.4,10.9,20.6,15.1
Jari De Busser,GAR,29.0,3.23,GO Ahead Eagles,GO Ahead Eagles,GO Ahead Eagles,FC Lorient,19.0,21.3,30.5,29.1
Joris Kramer,DC,36.0,1.67,GO Ahead Eagles,GO Ahead Eagles,GO Ahead Eagles,GO Ahead Eagles,16.1,16.4,17.1,19.1
Mats Deijl,LAT,31.0,1.54,GO Ahead Eagles,GO Ahead Eagles,GO Ahead Eagles,Elche CF,13.8,11.3,15.2,17.6
Melle Meulensteen,MDEF,29.0,0.79,GO Ahead Eagles,GO Ahead Eagles,Union Berlin,Red Star FC,14.4,11.6,10.0,9.0
Jakob Breum,MOFF,25.0,6.44,GO Ahead Eagles,GO Ahead Eagles,GO Ahead Eagles,GO Ahead Eagles,48.4,44.1,49.1,51.5
Mathis Suray,AIL,27.0,1.17,GO Ahead Eagles,GO Ahead Eagles,GO Ahead Eagles,GO Ahead Eagles,14.1,15.0,12.4,13.3
Victor Edvardsen,AC,32.0,1.71,GO Ahead Eagles,GO Ahead Eagles,GO Ahead Eagles,GO Ahead Eagles,13.6,11.4,23.2,19.5
Uğurcan Çakır,GAR,32.0,14.03,Galatasaray,Galatasaray,Galatasaray,Galatasaray,64.3,71.6,76.7,77.4
Davinson Sánchez,DC,32.0,15.82,Galatasaray,Galatasaray,Galatasaray,Galatasaray,76.5,76.8,82.3,81.1
Roland Sallai,LAT,31.0,8.55,Galatasaray,Galatasaray,SC Braga,SC Braga,51.0,54.1,59.9,62.8
Lucas Torreira,MDEF,32.0,14.59,Galatasaray,Sporting CP,Sporting CP,SC Fribourg,76.5,80.2,81.9,78.9
Gabriel Sara,MOFF,29.0,14.44,Galatasaray,Galatasaray,Galatasaray,Galatasaray,65.8,72.2,76.2,78.5
Leroy Sané,AIL,33.0,13.91,Galatasaray,Getafe,Getafe,Getafe,76.0,78.8,79.5,77.1
Victor Osimhen,AC,30.0,23.1,Galatasaray,Galatasaray,Galatasaray,Galatasaray,94.1,93.6,92.3,90.8
Ederson,GAR,35.0,21.22,Fenerbahce,Fenerbahce,Fenerbahce,Fenerbahce,86.8,88.0,88.7,88.3
Milan Škriniar,DC,33.0,13.99,Fenerbahce,Bayer Leverkusen,Bayer Leverkusen,Bayer Leverkusen,69.3,78.4,79.0,77.3
Nélson Semedo,LAT,35.0,6.97,Fenerbahce,Royal Anterwerp FC,Royal Anterwerp FC,Royal Anterwerp FC,42.2,55.1,57.6,55.8
İsmail Yüksek,MDEF,29.0,15.45,Fenerbahce,Fenerbahce,Fenerbahce,Fenerbahce,46.2,66.6,78.1,80.6
Marco Asensio,MOFF,32.0,17.18,Fenerbahce,Fenerbahce,Fenerbahce,Crystal Palace,64.3,74.0,81.4,82.9
Talisca,AIL,34.0,17.7,Fenerbahce,Fenerbahce,Fenerbahce,Real Betis,68.8,75.8,83.0,83.6
Jhon Duran,AC,25.0,25.2,Fenerbahce,Fenerbahce,Fenerbahce,Fenerbahce,87.2,92.3,94.2,93.6
Ersin Destanoğlu,GAR,28.0,3.44,Besiktas JK,Besiktas JK,Besiktas JK,Standard de Liège,32.0,39.0,29.5,30.4
Emirhan Topçu,DC,28.0,2.79,Besiktas JK,Besiktas JK,Besiktas JK,Göztepe,38.9,39.3,29.0,26.4
Gökhan Sazdağı,LAT,34.0,1.06,Besiktas JK,Besiktas JK,Besiktas JK,Besiktas JK,7.9,7.4,9.0,12.1
Wilfred Ndidi ,MDEF,32.0,6.11,Besiktas JK,Besiktas JK,Besiktas JK,Real Oviedo,50.2,46.9,50.1,48.9
Orkun Kökçü,MOFF,28.0,10.88,Besiktas JK,Besiktas JK,Besiktas JK,RSC Anderlecht,91.4,86.3,70.2,69.0
Jota Silva,AIL,29.0,6.22,Besiktas JK,Besiktas JK,RSC Anderlecht,RSC Anderlecht,33.8,37.1,48.8,49.8
Tammy Abraham,AC,31.0,6.75,Besiktas JK,Besiktas JK,Besiktas JK,Besiktas JK,44.7,45.6,56.6,54.0
André Onana,GAR,32.0,6.79,Trabzonspor,Trabzonspor,Trabzonspor,Trabzonspor,50.2,50.5,54.1,54.3
Arseniy Batagov,DC,26.0,8.21,Trabzonspor,Trabzonspor,Trabzonspor,Trabzonspor,39.5,49.7,62.8,61.9
Wagner Pina,LAT,26.0,6.85,Trabzonspor,Trabzonspor,Trabzonspor,Trabzonspor,33.1,39.4,50.8,54.8
Ozan Tufan,MDEF,33.0,4.97,Trabzonspor,Trabzonspor,Trabzonspor,Trabzonspor,21.8,26.3,39.5,39.8
Tim Jabol-Folcarelli,MOFF,29.0,1.24,Trabzonspor,Trabzonspor,Trabzonspor,West Ham,6.7,6.6,11.2,14.1
Oleksandr Zubkov,AIL,32.0,6.6,Trabzonspor,Trabzonspor,Trabzonspor,Fenerbahce,50.2,46.9,54.1,52.8
Paul Onuachu,AC,34.0,4.95,Trabzonspor,Trabzonspor,Trabzonspor,Trabzonspor,25.7,28.4,43.3,39.7
Muhammed Şengezer,GAR,32.0,3.59,Basaksehir FK,Basaksehir FK,Basaksehir FK,Basaksehir FK,13.6,11.9,23.7,31.3
Jerome Opoku,DC,30.0,4.27,Basaksehir FK,Basaksehir FK,Basaksehir FK,Basaksehir FK,19.0,19.5,30.7,35.5
Christopher Operi,LAT,31.0,5.55,Basaksehir FK,Basaksehir FK,AS Roma,AS Roma,27.9,25.0,38.1,44.4
Berat Özdemir,MDEF,30.0,1.52,Basaksehir FK,Genoa CFC,Genoa CFC,Genoa CFC,23.5,23.3,18.3,17.4
Amine Harit,MOFF,31.0,5.71,Basaksehir FK,Basaksehir FK,Basaksehir FK,Basaksehir FK,32.7,30.4,37.2,45.7
Yusuf Sarı,AIL,30.0,3.07,Basaksehir FK,Basaksehir FK,Pisa SC,Pisa SC,33.8,34.7,28.0,28.1
Eldor Shomurodov,AC,33.0,2.99,Basaksehir FK,Basaksehir FK,US Lecce,US Lecce,27.2,28.8,28.6,27.6
Okan Kocuk,GAR,33.0,5.39,Samsunspor,Samsunspor,Samsunspor,Samsunspor,21.8,30.8,41.6,43.1
Toni Borevković,DC,31.0,4.22,Samsunspor,Samsunspor,Samsunspor,Crystal Palace,22.4,26.1,34.6,35.2
Logi Tómasson,LAT,28.0,0.8,Samsunspor,Samsunspor,SO Millau,SO Millau,9.1,12.3,8.8,9.1
Antoine Makoumbou,MDEF,30.0,5.5,Samsunspor,AS Roma,AS Roma,AS Roma,23.5,27.8,43.1,44.0
Carlo Holse,MOFF,29.0,4.82,Samsunspor,Samsunspor,Samsunspor,Samsunspor,23.5,29.8,37.3,38.9
Emre Kılınç,AIL,34.0,4.38,Samsunspor,Fc Köln,Fc Köln,Fc Köln,17.1,25.1,36.3,36.2
Cherif Ndiaye,AC,32.0,8.14,Samsunspor,Samsunspor,Basaksehir FK,AS Anus,31.3,41.5,60.1,61.7
Mateusz Lis,GAR,31.0,1.55,Göztepe,Göztepe,Göztepe,Göztepe,22.4,20.2,21.4,17.7
Héliton,DC,33.0,0.67,Göztepe,Göztepe,Göztepe,Brentford,6.2,6.4,8.3,7.6
Taha Altıkardeş,LAT,25.0,1.59,Göztepe,Göztepe,Mainz 05,Mainz 05,11.7,11.7,14.3,18.2
Anthony Dennis,MDEF,24.0,3.21,Göztepe,Göztepe,Göztepe,Göztepe,28.6,27.7,31.0,29.0
Amin Cherni,MOFF,27.0,0.44,Göztepe,Everton FC,Everton FC,Everton FC,7.6,7.2,4.3,5.0
Janderson,AIL,29.0,0.49,Göztepe,Fulham FC,Fulham FC,Brentford,5.7,5.3,5.5,5.5
Juan,AC,26.0,1.8,Göztepe,Göztepe,US Sassuolo,US Sassuolo,20.2,23.8,24.9,20.3
Yahia Fofana,GAR,28.0,6.47,Caykur Rizespor,Caykur Rizespor,Caykur Rizespor,Caykur Rizespor,61.7,65.4,56.2,51.8
Samet Akaydin,DC,34.0,2.01,Caykur Rizespor,Borussia Mönchengladbach,Borussia Mönchengladbach,Borussia Mönchengladbach,9.7,13.4,19.5,21.6
Casper Højer,LAT,34.0,2.64,Caykur Rizespor,Caykur Rizespor,Caykur Rizespor,Caykur Rizespor,20.8,22.2,25.5,25.5
Giannis Papanikolaou,MDEF,30.0,0.91,Caykur Rizespor,Caykur Rizespor,Caykur Rizespor,Union Berlin,6.7,7.1,9.6,10.3
Ibrahim Olawoyin,MOFF,31.0,1.21,Caykur Rizespor,Caykur Rizespor,Caykur Rizespor,Caykur Rizespor,10.3,10.4,13.4,13.8
Valentin Mihăilă,AIL,28.0,3.72,Caykur Rizespor,Caykur Rizespor,Caykur Rizespor,Caykur Rizespor,32.0,37.3,33.3,32.1
Ali Sowe,AC,34.0,4.58,Caykur Rizespor,Caykur Rizespor,Caykur Rizespor,Caykur Rizespor,25.7,31.4,41.4,37.4
Burak Bozan,GAR,31.0,0.58,Gaziantep FK,Gaziantep FK,Gaziantep FK,Gaziantep FK,1.7,2.7,5.4,6.6
Arda Kızıldağ,DC,30.0,1.5,Gaziantep FK,Gaziantep FK,Gaziantep FK,Gaziantep FK,8.4,9.3,16.4,17.1
Kévin Rodrigues,LAT,34.0,4.06,Gaziantep FK,Gaziantep FK,Gaziantep FK,Gaziantep FK,30.6,29.5,29.8,34.2
Drissa Camara,MDEF,26.0,4.46,Gaziantep FK,Gaziantep FK,Brighton,Brighton,26.3,26.5,40.4,36.7
Kacper Kozlowski,MOFF,25.0,5.72,Gaziantep FK,Gaziantep FK,Gaziantep FK,Gaziantep FK,28.3,32.1,39.1,45.8
Deian Sorescu,AIL,31.0,1.63,Gaziantep FK,Gaziantep FK,Mainz 05,Mainz 05,18.1,17.4,16.6,18.6
Mohamed Bayo,AC,30.0,3.03,Gaziantep FK,Gaziantep FK,Club Brugge,Club Brugge,23.5,24.4,29.7,27.9
Ertuğrul Taşkıran,GAR,,,Alanyaspor,Alanyaspor,Alanyaspor,,7.2,7.0,3.7,
Nuno Lima,DC,27.0,0.69,Alanyaspor,Brentford,Brentford,Fulham FC,10.1,12.2,7.6,7.8
Baran Moğultay,LAT,24.0,0.51,Alanyaspor,Celta Vigo,Celta Vigo,Celta Vigo,3.3,4.3,6.3,5.7
Maestro,MDEF,24.0,1.94,Alanyaspor,Nottingham Forest,AS Saint-Etienne,Angers SCO,21.1,19.9,17.8,21.2
Ianis Hagi,MOFF,30.0,0.74,Alanyaspor,Alanyaspor,Nottingham Forest,Nottingham Forest,8.4,7.3,6.7,8.4
Uchenna Ogundu,AIL,22.0,1.99,Alanyaspor,Alanyaspor,Alanyaspor,LOSC,7.1,9.7,23.8,21.5
Steve Mounié,AC,33.0,3.86,Alanyaspor,Alanyaspor,AS Anus,Getafe,20.8,21.5,31.9,33.0
Nordin Jackers,GAR,30.0,0.76,Club Brugge,Parma Calcio,FC Nantes,Alanyaspor,6.4,8.5,9.9,8.6
Joel Ordóñez,DC,24.0,9.45,Club Brugge,Club Brugge,Club Brugge,Club Brugge,65.5,65.9,68.5,65.2
Joaquin Seys,LAT,23.0,7.12,Club Brugge,Club Brugge,Club Brugge,Herta Berlin,42.7,45.3,56.3,57.0
Raphael Onyedika,MDEF,27.0,5.91,Club Brugge,Club Brugge,Club Brugge,Club Brugge,73.6,72.0,48.7,47.3
Hans Vanaken,MOFF,36.0,6.25,Club Brugge,Club Brugge,Club Brugge,Club Brugge,61.1,58.6,51.5,50.0
Christos Tzolis,AIL,26.0,13.24,Club Brugge,Club Brugge,Club Brugge,Besiktas JK,89.8,87.2,77.4,75.3
Nicolò Tresoldi,AC,24.0,6.69,Club Brugge,Club Brugge,Rodez AF,Rodez AF,22.8,35.0,55.8,53.5
Hendrik Van Crombrugge,GAR,35.0,1.9,KRC Genk,Club Brugge,Club Brugge,Deportivo Alavés,7.3,13.6,20.8,20.9
Matte Smets,DC,25.0,15.22,KRC Genk,KRC Genk,Strasbourg,Strasbourg,71.1,77.8,81.6,80.3
Joris Kayembe,LAT,34.0,5.21,KRC Genk,Hoffenheim,Hoffenheim,Hoffenheim,25.7,33.1,39.4,41.7
Bryan Heynen,MDEF,31.0,12.3,KRC Genk,KRC Genk,KRC Genk,KRC Genk,51.0,53.7,69.3,72.8
Konstantinos Karetsas,MOFF,21.0,6.15,KRC Genk,KRC Genk,AS Saint-Etienne,AS Saint-Etienne,29.5,40.4,46.3,49.2
Jarne Steuckers,AIL,26.0,11.66,KRC Genk,FC Utrecht,FC Utrecht,FC Utrecht,63.5,71.4,72.0,71.1
Hyeon-gyu Oh,AC,27.0,4.33,KRC Genk,UD Levante,UD Levante,UD Levante,29.9,46.0,38.9,35.9
Colin Coosemans ,GAR,36.0,4.42,RSC Anderlecht,RSC Anderlecht,RSC Anderlecht,RSC Anderlecht,41.3,38.6,37.4,36.4
Lucas Hey,DC,25.0,1.74,RSC Anderlecht,RSC Anderlecht,Plouzané AC,Plouzané AC,16.2,19.0,19.7,19.9
Killian Sardella,LAT,26.0,5.33,RSC Anderlecht,RSC Anderlecht,RSC Anderlecht,RSC Anderlecht,39.5,38.5,36.8,42.6
Nathan De Cat,MDEF,19.0,0.2,RSC Anderlecht,RSC Anderlecht,SO Millau,Fulham FC,3.6,3.4,1.8,2.2
Mario Stroeykens,MOFF,24.0,9.86,RSC Anderlecht,RSC Anderlecht,RSC Anderlecht,Toulouse FC,58.5,55.2,64.3,66.3
Nilson Angulo,AIL,24.0,1.47,RSC Anderlecht,RSC Anderlecht,SO Millau,Burnley,11.7,15.6,16.5,16.8
Adriano Bertaccini,AC,28.0,4.54,RSC Anderlecht,RSC Anderlecht,Manchester United,Manchester United,52.9,53.5,44.4,37.2
Kjell Scherpen,GAR,28.0,5.85,Union Saint-Gilloise,Union Saint-Gilloise,Union Saint-Gilloise,Hoffenheim,38.9,44.5,43.7,46.8
Fedde Leysen,DC,25.0,6.03,Union Saint-Gilloise,Union Saint-Gilloise,Union Saint-Gilloise,Vitória Guimarães SC,21.1,26.8,41.7,48.2
Anan Khalaili,LAT,24.0,10.61,Union Saint-Gilloise,Union Saint-Gilloise,CD Santa Clara,CD Santa Clara,49.5,49.1,64.8,68.3
Adem Zorgane,MDEF,29.0,9.75,Union Saint-Gilloise,Union Saint-Gilloise,KAA La Gantoise,KAA La Gantoise,53.6,56.3,65.3,66.0
Ousseynou Niang,MOFF,27.0,4.25,Union Saint-Gilloise,Union Saint-Gilloise,Union Saint-Gilloise,Union Saint-Gilloise,29.9,35.9,28.1,35.4
Anouar Ait El Hadj,AIL,26.0,6.51,Union Saint-Gilloise,Union Saint-Gilloise,FC Famalicao,FC Famalicao,47.6,51.9,54.4,52.1
Promise David,AC,27.0,7.35,Union Saint-Gilloise,Union Saint-Gilloise,Union Saint-Gilloise,Union Saint-Gilloise,67.1,72.1,57.9,58.8
Davy Roef,GAR,34.0,9.22,KAA La Gantoise,KAA La Gantoise,KAA La Gantoise,Union Saint-Gilloise,36.4,44.6,61.4,64.6
Siebe Van der Heyden,DC,29.0,5.69,KAA La Gantoise,KAA La Gantoise,Rodez AF,Lazio Rome,23.5,35.3,45.8,45.5
Tiago Araújo,LAT,27.0,2.5,KAA La Gantoise,UD Levante,UD Levante,UD Levante,25.0,38.2,21.1,24.6
Mathias Delorge,MDEF,24.0,10.24,KAA La Gantoise,KAA La Gantoise,Aston Villa,Aston Villa,41.5,53.6,67.8,67.3
Abdelkahar Kadri,MOFF,28.0,6.12,KAA La Gantoise,KAA La Gantoise,KAA La Gantoise,KAA La Gantoise,38.9,43.1,42.6,49.0
Michal Skoras,AIL,27.0,3.96,KAA La Gantoise,KAA La Gantoise,Rodez AF,FC Groningen,20.5,34.3,34.2,33.6
Wilfried Kanga,AC,30.0,6.04,KAA La Gantoise,KAA La Gantoise,KAA La Gantoise,Real Betis,8.4,17.1,49.5,48.3
Taishi Brandon Nozawa,GAR,26.0,2.08,Royal Anterwerp FC,Royal Anterwerp FC,Nottingham Forest,Nottingham Forest,2.9,6.5,16.2,22.0
Zeno Van Den Bosch,DC,25.0,7.28,Royal Anterwerp FC,Royal Anterwerp FC,Royal Anterwerp FC,Royal Anterwerp FC,56.6,57.7,60.3,58.2
Daam Foulon,LAT,29.0,2.09,Royal Anterwerp FC,Nottingham Forest,Nottingham Forest,Nottingham Forest,19.0,17.3,20.2,22.1
Mauricio Benítez,MDEF,24.0,0.84,Royal Anterwerp FC,Royal Anterwerp FC,Royal Anterwerp FC,Royal Anterwerp FC,3.3,4.8,9.8,9.5
Isaac Babadi,MOFF,23.0,2.53,Royal Anterwerp FC,Royal Anterwerp FC,Royal Anterwerp FC,Royal Anterwerp FC,12.6,14.0,24.1,24.8
Gyrano Kerk,AIL,33.0,2.46,Royal Anterwerp FC,Royal Anterwerp FC,Vitória Guimarães SC,Vitória Guimarães SC,17.4,17.7,26.9,24.4
Vincent Janssen,AC,34.0,4.87,Royal Anterwerp FC,Royal Anterwerp FC,Royal Anterwerp FC,Royal Anterwerp FC,42.9,41.9,45.5,39.2
Matthieu Epolo,GAR,23.0,13.05,Standard de Liège,Standard de Liège,Standard de Liège,GO Ahead Eagles,50.1,68.9,75.5,74.8
Ibe Hautekiet,DC,25.0,3.83,Standard de Liège,Standard de Liège,SO Millau,Rayo Vallecano,20.2,30.7,33.2,32.8
Marlon Fossey,LAT,29.0,2.34,Standard de Liège,Eintracht Francfort,AS Anus,KV Mechelen,14.4,16.1,17.3,23.6
Marco Ilaimaharitra,MDEF,32.0,2.84,Standard de Liège,Tottenham,Rodez AF,Fiorentina,13.3,18.2,24.8,26.7
Mohammed El Hankouri,MOFF,31.0,3.2,Standard de Liège,Standard de Liège,Standard de Liège,Newcastle,13.8,19.2,25.3,28.9
Rafiki Saïd,AIL,28.0,6.45,Standard de Liège,Standard de Liège,Standard de Liège,Wolfsburg,45.3,61.1,53.5,51.6
Thomas Henry,AC,34.0,5.16,Standard de Liège,Standard de Liège,Standard de Liège,Standard de Liège,13.0,26.0,44.0,41.3
Nacho Miras,GAR,31.0,0.21,KV Mechelen,KV Mechelen,KV Mechelen,KV Mechelen,0.9,1.1,2.3,2.3
Redouane Halhal,DC,25.0,0.44,KV Mechelen,KV Mechelen,Celta Vigo,Celta Vigo,3.1,4.1,6.9,4.9
Thérence Koudou,LAT,24.0,2.56,KV Mechelen,KV Mechelen,KV Mechelen,Plouzané AC,16.8,15.8,20.9,25.0
Fredrik Hammar,MDEF,27.0,0.71,KV Mechelen,KV Mechelen,KV Mechelen,FC Twente,14.1,13.3,7.1,8.0
Mathis Servais,MOFF,24.0,4.51,KV Mechelen,KV Mechelen,KV Mechelen,KV Mechelen,22.8,25.6,35.6,37.0
Myron van Brederode,AIL,25.0,5.91,KV Mechelen,KV Mechelen,KV Mechelen,KV Mechelen,28.3,33.4,49.2,47.3
Lion Lauberbach,AC,30.0,1.27,KV Mechelen,Wolverhampton,Wolverhampton,Wolverhampton,14.4,14.4,15.6,14.5
Andreas Jungdal,GAR,26.0,3.15,KVC Westerlo,Cagliari Calcio,Rodez AF,Rodez AF,4.3,10.8,23.5,28.6
Emin Bayram,DC,25.0,16.72,KVC Westerlo,KVC Westerlo,KVC Westerlo,AS Roma,48.4,62.3,81.8,82.3
Bryan Reynolds,LAT,27.0,6.64,KVC Westerlo,Strasbourg,Strasbourg,Strasbourg,44.6,53.0,46.8,53.1
Doğucan Haspolat,MDEF,28.0,5.56,KVC Westerlo,KVC Westerlo,Gaziantep FK,Gaziantep FK,45.3,54.4,43.2,44.5
Isa Sakamoto,MOFF,25.0,11.44,KVC Westerlo,KVC Westerlo,KVC Westerlo,Liverpool FC,41.1,41.7,63.1,70.5
Josimar Alcócer,AIL,24.0,8.02,KVC Westerlo,KVC Westerlo,KVC Westerlo,Olympique de Marseille,12.3,17.2,52.4,61.4
Nacho Ferri,AC,24.0,3.65,KVC Westerlo,KVC Westerlo,SO Millau,SO Millau,12.3,23.6,36.0,31.7
Martin Delavallée,GAR,23.0,5.59,Sporting Charleroi,Sporting Charleroi,Uchiha Palaiseau,Girona FC,28.6,34.8,43.0,44.7
Aiham Ousou,DC,28.0,2.12,Sporting Charleroi,Valence FC,AS Anus,Aston Villa,14.4,14.4,18.5,22.3
Lewin Blum,LAT,27.0,0.91,Sporting Charleroi,Sporting Charleroi,Sporting Charleroi,Sporting Charleroi,18.6,18.9,9.6,10.4
Étienne Camara,MDEF,25.0,1.41,Sporting Charleroi,Elche CF,Elche CF,Elche CF,16.2,19.0,17.4,16.1
Yassine Titraoui,MOFF,24.0,3.42,Sporting Charleroi,Sporting Charleroi,Rodez AF,Real Oviedo,16.2,15.9,22.6,30.3
Parfait Guiagon,AIL,27.0,3.54,Sporting Charleroi,Sporting Charleroi,Sporting Charleroi,Celta Vigo,36.8,40.5,34.8,31.0
Aurélien Scheidler,AC,30.0,1.0,Sporting Charleroi,Olympique Lyonnais,Olympique Lyonnais,Olympique Lyonnais,6.7,8.1,15.9,11.4
Guglielmo Vicario,GAR,32.0,13.35,Tottenham,Tottenham,Werder Bremen,Werder Bremen,81.1,73.9,75.1,75.6
Cristian Romero,DC,30.0,7.38,Tottenham,Tottenham,Tottenham,Tottenham,78.7,72.3,60.5,59.0
Pedro Porro,LAT,29.0,6.41,Tottenham,Tottenham,Tottenham,AS Anus,65.8,60.6,51.6,51.3
João Palhinha,MDEF,33.0,8.66,Tottenham,Standard de Liège,Standard de Liège,Standard de Liège,76.0,70.3,64.0,63.1
Xavi Simons,MOFF,25.0,13.54,Tottenham,Tottenham,Tottenham,Tottenham,93.2,88.8,77.1,76.1
Mohammed Kudus,AIL,28.0,10.01,Tottenham,Tottenham,AZ Alkmaar,AZ Alkmaar,89.0,83.1,67.3,66.7
Richarlison,AC,31.0,7.06,Tottenham,Tottenham,Villareal,Villareal,51.0,47.2,58.2,56.5
Caoimhín Kelleher,GAR,30.0,5.64,Brentford,Brentford,Brentford,Brentford,65.8,59.3,46.9,45.1
Nathan Collins,DC,27.0,6.81,Brentford,Ajax Amsterdam,Ajax Amsterdam,Ajax Amsterdam,84.9,77.9,51.1,54.5
Michael Kayode,LAT,24.0,14.78,Brentford,Fenerbahce,Fenerbahce,Fenerbahce,72.4,64.8,73.0,79.4
Yegor Yarmolyuk,MDEF,24.0,5.45,Brentford,Brentford,Brentford,Brentford,58.5,51.7,45.3,43.6
Mikkel Damsgaard,MOFF,28.0,6.61,Brentford,Brentford,GD Estoril Praia,GD Estoril Praia,80.7,73.2,52.2,52.9
Dango Ouattara,AIL,26.0,7.22,Brentford,Brentford,Brentford,Lazio Rome,81.7,75.9,59.3,57.8
Igor Thiago,AC,27.0,4.29,Brentford,Brentford,Brighton,Brighton,59.7,56.0,44.4,35.6
Jordan Pickford,GAR,34.0,7.1,Everton FC,Everton FC,Everton FC,Everton FC,74.8,63.9,55.9,56.8
James Tarkowski,DC,36.0,7.69,Everton FC,Lazio Rome,Lazio Rome,Union Saint-Gilloise,61.1,50.6,57.2,60.5
Vitaliy Mykolenko,LAT,29.0,5.26,Everton FC,Everton FC,Everton FC,FC Lorient,53.6,43.5,40.7,42.1
James Garner,MDEF,27.0,4.32,Everton FC,Everton FC,US Cremonese,US Cremonese,67.1,59.4,34.8,35.8
Iliman Ndiaye,MOFF,28.0,8.62,Everton FC,Como,Como,Como,89.0,81.1,63.2,63.0
Jack Grealish,AIL,33.0,11.36,Everton FC,Bournemouth,Bournemouth,Bournemouth,76.0,64.7,68.7,70.3
Thierno Barry,AC,26.0,12.56,Everton FC,Everton FC,Athletic Bilbao,Athletic Bilbao,77.8,69.5,75.2,73.5
Bernd Leno,GAR,36.0,3.93,Fulham FC,Fulham FC,Fulham FC,Fulham FC,55.1,46.4,35.4,33.4
Calvin Bassey,DC,29.0,9.9,Fulham FC,Fulham FC,FC Lorient,FC Lorient,65.8,62.2,68.2,66.4
Antonee Robinson,LAT,31.0,6.74,Fulham FC,Fulham FC,Fulham FC,Fulham FC,76.9,69.2,55.4,53.9
Sander Berge,MDEF,30.0,5.05,Fulham FC,Fulham FC,Fulham FC,Sporting CP,60.2,53.1,44.2,40.4
Emile Smith Rowe,MOFF,28.0,6.24,Fulham FC,Fulham FC,Manchester United,Manchester United,75.3,69.9,52.0,49.9
Alex Iwobi,AIL,32.0,6.54,Fulham FC,SC Heerenveen,SC Heerenveen,SC Heerenveen,64.3,57.8,58.1,52.3
Rodrigo Muniz,AC,27.0,9.79,Fulham FC,Fulham FC,Valence FC,Valence FC,59.7,59.0,69.1,66.1
Robin Roefs,GAR,26.0,6.42,Sunderland,Real Betis,Real Betis,Real Betis,70.0,64.3,55.3,51.4
Omar Alderete,DC,32.0,4.71,Sunderland,Sunderland,Sunderland,Sunderland,50.2,42.9,39.6,38.2
Nordi Mukiele,LAT,31.0,5.14,Sunderland,Sunderland,Sunderland,Sunderland,57.7,47.3,41.0,41.1
Granit Xhaka,MDEF,36.0,7.15,Sunderland,Sunderland,Sunderland,AS Anus,82.7,74.3,58.4,57.2
Enzo Le Fée,MOFF,28.0,12.94,Sunderland,RC Lens,RC Lens,RC Lens,68.2,59.7,68.1,74.5
Chemsdine Talbi,AIL,23.0,14.36,Sunderland,KRC Genk,KRC Genk,KRC Genk,65.6,59.2,74.7,78.3
Wilson Isidor,AC,28.0,1.49,Sunderland,Sunderland,Espanyol Barcelona,Espanyol Barcelona,38.9,36.6,19.6,17.0
Matz Sels,GAR,36.0,7.42,Nottingham Forest,Nottingham Forest,Crystal Palace,Crystal Palace,71.7,70.6,60.0,59.4
Murillo,DC,26.0,17.62,Nottingham Forest,Nottingham Forest,Nottingham Forest,Nottingham Forest,96.3,93.9,85.8,83.5
Neco Williams,LAT,27.0,10.58,Nottingham Forest,Athletic Bilbao,Athletic Bilbao,Fc Köln,80.0,79.7,65.6,68.2
Eliott Anderson,MDEF,26.0,24.6,Nottingham Forest,Liverpool FC,Liverpool FC,Liverpool FC,96.3,94.0,92.2,92.8
Morgan Gibbs-White,MOFF,29.0,17.32,Nottingham Forest,Nottingham Forest,KRC Genk,KRC Genk,82.9,80.4,80.3,83.1
Dan Ndoye,AIL,28.0,8.51,Nottingham Forest,Nottingham Forest,Nottingham Forest,Samsunspor,80.7,79.9,62.7,62.7
Lorenzo Lucca,AC,28.0,6.59,Nottingham Forest,Nottingham Forest,Toulouse FC,Toulouse FC,61.7,66.7,59.0,52.7
Lucas Perri,GAR,31.0,5.88,Leeds United,Leeds United,Leeds United,Besiktas JK,64.8,58.2,50.6,47.0
Pascal Struijk,DC,29.0,6.09,Leeds United,Leeds United,LOSC,RB Leipzig,46.2,42.4,47.8,48.7
Gabriel Gudmundsson,LAT,29.0,7.09,Leeds United,Leeds United,Union Saint-Gilloise,Union Saint-Gilloise,65.8,58.9,51.6,56.7
Ethan Ampadu,MDEF,28.0,2.51,Leeds United,Leeds United,Leeds United,Leeds United,61.7,54.6,27.8,24.7
Brenden Aaronson,MOFF,28.0,1.4,Leeds United,Leeds United,Leeds United,Leeds United,45.3,40.2,16.9,16.0
Noah Okafor,AIL,28.0,2.59,Leeds United,Leeds United,Leeds United,Leeds United,61.7,53.2,28.8,25.2
Dominic Calvert-Lewin,AC,31.0,5.58,Leeds United,Leeds United,Göztepe,Göztepe,57.7,50.1,51.4,44.6
Max Weiß,GAR,24.0,3.55,Burnley,Burnley,Red Star FC,Red Star FC,41.5,35.4,32.8,31.1
Maxime Estève,DC,26.0,5.47,Burnley,Burnley,Burnley,Burnley,70.0,61.6,48.3,43.8
Quilindschy Hartman,LAT,27.0,4.54,Burnley,Burnley,Borussia Mönchengladbach,Borussia Mönchengladbach,73.6,64.5,34.7,37.2
Josh Cullen,MDEF,32.0,3.98,Burnley,Burnley,RSC Anderlecht,RSC Anderlecht,37.9,30.6,32.6,33.7
Hannibal,MOFF,26.0,26.85,Burnley,Burnley,Stade Rennais,Stade Rennais,93.1,85.8,94.3,95.8
Jacob Bruun Larsen,AIL,30.0,1.51,Burnley,Burnley,Burnley,CA Osasuna,33.8,29.8,19.4,17.2
Lyle Foster,AC,28.0,1.78,Burnley,Burnley,Nottingham Forest,AS Monaco,32.0,29.1,18.7,20.2
Alphonse Areola,GAR,35.0,4.37,West Ham,West Ham,West Ham,Fiorentina,42.2,39.6,36.4,36.1
Jean-Clair Todibo,DC,29.0,5.0,West Ham,West Ham,West Ham,West Ham,53.6,46.7,38.3,40.0
El Hadji Malick Diouf,LAT,24.0,20.47,West Ham,West Ham,Galatasaray,Galatasaray,88.1,82.4,85.4,87.3
Mateus Fernandes,MDEF,24.0,7.54,West Ham,West Ham,West Ham,West Ham,72.4,67.1,59.1,60.1
Lucas Paquetá,MOFF,31.0,7.01,West Ham,West Ham,West Ham,Real Sociedad,70.8,64.0,54.3,56.1
Jarrod Bowen,AIL,32.0,8.92,West Ham,West Ham,West Ham,FC Nantes,81.1,75.3,64.1,63.8
Taty Castellanos,AC,30.0,6.46,West Ham,Gil Vicente,Gil Vicente,Gil Vicente,65.8,62.8,58.8,51.7
Sam Johnstone,GAR,35.0,2.68,Wolverhampton,Wolverhampton,Sunderland,Sunderland,36.0,33.0,26.2,25.7
Toti,DC,30.0,2.4,Wolverhampton,Wolverhampton,Hamburger SV,Hamburger SV,33.8,30.3,22.7,24.0
Hugo Bueno,LAT,26.0,6.3,Wolverhampton,Wolverhampton,Wolverhampton,Rayo Vallecano,70.0,61.4,47.6,50.4
André,MDEF,27.0,12.11,Wolverhampton,Wolverhampton,PSV Eindhoven,PSV Eindhoven,73.6,65.0,66.0,72.3
João Gomes,MOFF,27.0,3.34,Wolverhampton,Wolverhampton,Union Berlin,Union Berlin,73.6,66.2,31.5,29.8
Jhon Arias,AIL,31.0,5.1,Wolverhampton,Wolverhampton,US Cremonese,US Cremonese,51.0,43.2,42.1,40.8
Jørgen Strand Larsen,AC,28.0,7.4,Wolverhampton,CD Santa Clara,CD Santa Clara,CD Santa Clara,75.3,68.1,61.6,59.2
Marko Dmitrovic,GAR,,,Espanyol Barcelona,Espanyol Barcelona,Espanyol Barcelona,,52.2,42.8,18.9,
Fernando Calero,DC,33.0,2.66,Espanyol Barcelona,Espanyol Barcelona,RSC Anderlecht,RSC Anderlecht,27.2,21.8,24.0,25.6
Carlos Romero,LAT,27.0,2.38,Espanyol Barcelona,Espanyol Barcelona,Espanyol Barcelona,Villareal,59.7,52.1,21.7,23.9
Urko González de Zárate,MDEF,27.0,1.13,Espanyol Barcelona,Manchester United,Manchester United,Manchester United,36.8,33.5,14.2,12.9
Edu Expósito,MOFF,32.0,2.71,Espanyol Barcelona,Gil Vicente,Gil Vicente,Gil Vicente,31.3,27.2,31.1,25.9
Javi Puado,AIL,30.0,4.45,Espanyol Barcelona,Espanyol Barcelona,Espanyol Barcelona,Espanyol Barcelona,53.6,45.0,37.6,36.6
Roberto Fernández,AC,26.0,1.81,Espanyol Barcelona,Espanyol Barcelona,Union Berlin,Union Berlin,26.3,26.2,25.0,20.4
Ionuț Radu,GAR,31.0,4.66,Celta Vigo,Celta Vigo,US Lecce,US Lecce,51.0,43.6,40.5,37.9
Javi Rodríguez,DC,25.0,16.05,Celta Vigo,Celta Vigo,Vfb Stuttgart,Vfb Stuttgart,71.1,66.0,77.6,81.4
Óscar Mingueza,LAT,29.0,10.65,Celta Vigo,KVC Westerlo,KVC Westerlo,KVC Westerlo,65.8,55.8,63.7,68.4
Ilaix Moriba,MDEF,26.0,9.0,Celta Vigo,Celta Vigo,GD Estoril Praia,GD Estoril Praia,81.7,75.6,64.2,64.0
Fer López,MOFF,24.0,5.53,Celta Vigo,Celta Vigo,Hannover 96,Hannover 96,49.5,43.4,42.0,44.2
Bryan Zaragoza,AIL,27.0,2.86,Celta Vigo,Celta Vigo,Celta Vigo,Nottingham Forest,73.6,67.1,33.4,26.8
Borja Iglesias,AC,36.0,5.86,Celta Vigo,GD Estoril Praia,GD Estoril Praia,GD Estoril Praia,61.1,53.8,50.0,46.9
Iñaki Peña,GAR,29.0,4.11,Elche CF,Elche CF,Olympique Lyonnais,Olympique Lyonnais,46.2,40.8,38.7,34.5
David Affengruber,DC,27.0,3.62,Elche CF,Elche CF,Elche CF,Herta Berlin,67.1,63.8,34.0,31.5
Álvaro Núñez,LAT,28.0,2.94,Elche CF,Elche CF,Elche CF,Real Betis,61.7,54.9,27.8,27.3
Marc Aguado,MDEF,28.0,1.93,Elche CF,Toulouse FC,Toulouse FC,Toulouse FC,38.9,35.7,21.5,21.1
Rodrigo Mendoza,MOFF,23.0,3.6,Elche CF,Elche CF,Elche CF,Wolfsburg,35.7,33.8,31.8,31.4
Grady Diangana,AIL,30.0,0.71,Elche CF,Elche CF,Elche CF,Elche CF,10.9,9.4,8.9,8.1
Álvaro Rodríguez,AC,24.0,5.04,Elche CF,KV Mechelen,KV Mechelen,KV Mechelen,35.4,34.2,46.7,40.3
Augusto Batalla,GAR,32.0,19.88,Rayo Vallecano,Rayo Vallecano,FC Porto,FC Porto,57.2,52.0,83.9,86.5
Abdul Mumin,DC,30.0,4.72,Rayo Vallecano,Rayo Vallecano,Rayo Vallecano,RCD Mallorca,46.2,43.8,37.9,38.3
Pep Chavarría,LAT,30.0,5.03,Rayo Vallecano,Rayo Vallecano,Rayo Vallecano,Everton FC,53.6,48.0,39.3,40.2
Óscar Valentín,MDEF,34.0,4.87,Rayo Vallecano,Rayo Vallecano,Rayo Vallecano,Rayo Vallecano,42.9,41.3,40.0,39.2
Unai López,MOFF,33.0,3.81,Rayo Vallecano,Rayo Vallecano,Vitória Guimarães SC,Vitória Guimarães SC,37.3,35.1,32.7,32.7
Jorge de Frutos,AIL,31.0,5.83,Rayo Vallecano,FC Saint Pauli,FC Saint Pauli,FC Saint Pauli,64.8,58.2,49.3,46.6
Alemão,AC,30.0,3.46,Rayo Vallecano,Rayo Vallecano,Hamburger SV,Hamburger SV,23.5,24.4,32.9,30.5
Odysseas Vlachodimos,GAR,34.0,6.05,Séville FC,Séville FC,Royal Anterwerp FC,Royal Anterwerp FC,56.3,51.2,50.4,48.4
Kike Salas,DC,26.0,8.59,Séville FC,Séville FC,Villareal,Villareal,63.5,61.3,61.8,62.9
José Ángel Carmona,LAT,26.0,7.61,Séville FC,Séville FC,Séville FC,Séville FC,77.8,73.5,60.9,60.3
Lucien Agoumé,MDEF,26.0,6.14,Séville FC,Séville FC,Séville FC,Séville FC,63.5,60.2,47.2,49.1
Djibril Sow,MOFF,31.0,4.15,Séville FC,Séville FC,Séville FC,Séville FC,38.5,37.0,34.1,34.8
Rubén Vargas,AIL,30.0,5.54,Séville FC,Séville FC,Séville FC,Séville FC,53.6,50.7,45.9,44.3
Akor Adams,AC,28.0,5.11,Séville FC,Séville FC,Séville FC,Vitória Guimarães SC,61.7,62.6,43.4,40.9
Sergio Herrera,GAR,35.0,4.48,CA Osasuna,CA Osasuna,Wolverhampton,Wolverhampton,48.8,42.1,35.8,36.8
Alejandro Catena,DC,34.0,4.53,CA Osasuna,CA Osasuna,CA Osasuna,Real Betis,49.1,41.3,36.9,37.1
Javi Galán,LAT,34.0,4.35,CA Osasuna,CA Osasuna,CA Osasuna,CA Osasuna,49.1,41.0,34.5,36.0
Jon Moncayola,MDEF,30.0,4.77,CA Osasuna,CA Osasuna,CA Osasuna,CA Osasuna,53.6,44.2,38.4,38.6
Aimar Oroz,MOFF,27.0,4.01,CA Osasuna,CA Osasuna,CA Osasuna,CA Osasuna,73.6,64.5,32.0,33.9
Víctor Muñoz,AIL,25.0,5.75,CA Osasuna,CA Osasuna,CA Osasuna,Hamburger SV,56.6,48.4,44.1,46.0
Raúl García,AC,28.0,1.72,CA Osasuna,CA Osasuna,CA Osasuna,CA Osasuna,38.9,36.6,20.7,19.6
Antonio Sivera,GAR,32.0,4.12,Deportivo Alavés,Vitória Guimarães SC,Vitória Guimarães SC,Vitória Guimarães SC,44.1,38.3,36.5,34.6
Jon Pacheco,DC,28.0,3.36,Deportivo Alavés,Deportivo Alavés,US Cremonese,US Cremonese,45.3,43.3,30.4,29.9
Nahuel Tenaglia,LAT,32.0,4.64,Deportivo Alavés,US Cremonese,US Cremonese,US Cremonese,44.1,39.5,36.5,37.8
Antonio Blanco,MDEF,28.0,2.86,Deportivo Alavés,Deportivo Alavés,Deportivo Alavés,Deportivo Alavés,52.9,46.6,27.7,26.8
Denis Suárez,MOFF,35.0,1.56,Deportivo Alavés,Deportivo Alavés,Deportivo Alavés,Deportivo Alavés,36.0,31.7,17.0,17.8
Lucas Boyé,AIL,32.0,1.33,Deportivo Alavés,Deportivo Alavés,Deportivo Alavés,Deportivo Alavés,27.6,23.5,15.1,15.2
Toni Martínez,AC,31.0,3.39,Deportivo Alavés,Hannover 96,Hannover 96,Hannover 96,32.7,30.2,31.7,30.1
Leo Román,GAR,28.0,5.79,RCD Mallorca,Juventus Turin,Juventus Turin,Juventus Turin,68.2,61.5,45.0,46.3
Martin Valjent,DC,33.0,3.88,RCD Mallorca,RCD Mallorca,RCD Mallorca,Deportivo Alavés,43.6,37.8,33.7,33.1
Johan Mojica,LAT,36.0,2.43,RCD Mallorca,RCD Mallorca,SC Heerenveen,SC Heerenveen,48.2,39.2,25.7,24.2
Samú Costa,MDEF,28.0,5.72,RCD Mallorca,RCD Mallorca,FC Utrecht,FC Utrecht,75.3,67.3,45.2,45.8
Pablo Torre,MOFF,25.0,6.28,RCD Mallorca,RCD Mallorca,RCD Mallorca,RCD Mallorca,65.3,57.6,48.0,50.2
Jan Virgili,AIL,22.0,6.01,RCD Mallorca,RCD Mallorca,RCD Mallorca,RCD Mallorca,51.9,44.8,45.7,48.1
Vedat Muriqi,AC,34.0,5.51,RCD Mallorca,RCD Mallorca,Rayo Vallecano,Rayo Vallecano,63.2,54.2,46.6,44.1
Mathew Ryan,GAR,36.0,6.4,UD Levante,AS Roma,AS Roma,AS Roma,55.1,46.8,48.9,51.2
Adrián Dela,DC,29.0,1.18,UD Levante,US Lecce,US Lecce,Cagliari Calcio,23.5,19.4,13.3,13.5
Jeremy Toljan,LAT,34.0,1.07,UD Levante,SC Paderborn,SC Paderborn,Union Berlin,25.7,20.7,12.2,12.2
Kervin Arriaga,MDEF,31.0,2.55,UD Levante,UD Levante,Everton FC,Everton FC,27.9,22.9,25.8,24.9
Pablo Martínez,MOFF,30.0,5.35,UD Levante,UD Levante,Newcastle,Brighton,33.8,29.4,37.9,42.8
Carlos Álvarez,AIL,25.0,8.48,UD Levante,UD Levante,UD Levante,UD Levante,79.3,71.3,63.0,62.6
Karl Etta Eyong,AC,25.0,7.11,UD Levante,Moreirense FC,Moreirense FC,Moreirense FC,56.6,52.4,58.5,56.9
Aarón Escandell,GAR,33.0,5.2,Real Oviedo,Hannover 96,Hannover 96,Hannover 96,49.9,41.8,39.2,41.6
David Carmo,DC,29.0,1.42,Real Oviedo,Real Oviedo,Real Oviedo,FC Twente,33.8,27.8,18.0,16.2
Rahim Alhassane,LAT,27.0,2.27,Real Oviedo,Real Oviedo,Sporting CP,Sporting CP,29.9,24.2,16.7,23.2
Leander Dendoncker,MDEF,33.0,1.44,Real Oviedo,Alanyaspor,Alanyaspor,Alanyaspor,30.9,24.7,19.3,16.4
Luka Ilic,MOFF,29.0,0.62,Real Oviedo,Real Oviedo,Real Oviedo,Sporting CP,10.9,8.7,6.1,7.0
Haissem Hassan,AIL,26.0,6.08,Real Oviedo,Real Oviedo,Real Oviedo,Real Oviedo,63.5,57.2,48.1,48.6
Federico Viñas,AC,30.0,1.01,Real Oviedo,Deportivo Alavés,Deportivo Alavés,Deportivo Alavés,19.0,16.0,11.8,11.5
Moritz Nicolas,GAR,31.0,3.49,Borussia Mönchengladbach,Borussia Mönchengladbach,Borussia Mönchengladbach,Borussia Mönchengladbach,32.7,27.1,32.1,30.7
Nico Elvedi,DC,32.0,4.43,Borussia Mönchengladbach,Caykur Rizespor,Caykur Rizespor,Caykur Rizespor,44.1,37.4,38.8,36.5
Joe Scally,LAT,26.0,8.96,Borussia Mönchengladbach,Borussia Mönchengladbach,Werder Bremen,Werder Bremen,55.4,45.8,53.1,63.9
Yannik Engelhardt,MDEF,27.0,0.75,Borussia Mönchengladbach,Borussia Mönchengladbach,RCD Mallorca,RCD Mallorca,25.0,21.6,8.1,8.5
Rocco Reitz,MOFF,26.0,6.88,Borussia Mönchengladbach,Borussia Mönchengladbach,Mainz 05,Mainz 05,77.8,70.4,53.7,55.0
Franck Honorat,AIL,32.0,6.06,Borussia Mönchengladbach,Borussia Mönchengladbach,Borussia Mönchengladbach,Borussia Mönchengladbach,57.2,49.6,47.4,48.5
Haris Tabakovic,AC,34.0,1.69,Borussia Mönchengladbach,Borussia Mönchengladbach,Borussia Mönchengladbach,Borussia Mönchengladbach,20.8,18.6,20.3,19.3
Robin Zentner,GAR,34.0,5.41,Mainz 05,Mainz 05,Mainz 05,Mainz 05,49.1,45.9,44.9,43.3
Danny da Costa,DC,35.0,2.95,Mainz 05,Mainz 05,Mainz 05,Toulouse FC,30.4,32.0,28.7,27.4
Anthony Caci,LAT,31.0,6.84,Mainz 05,Mainz 05,LOSC,LOSC,51.0,45.5,49.7,54.7
Kaishu Sano,MDEF,28.0,7.49,Mainz 05,Mainz 05,Union Saint-Gilloise,Union Saint-Gilloise,80.7,77.1,57.3,59.9
Nadiem Amiri,MOFF,32.0,6.38,Mainz 05,Mainz 05,US Lecce,Rodez AF,69.6,61.9,51.0,51.0
Arnaud Nordin,AIL,30.0,1.36,Mainz 05,Mainz 05,AS Saint-Etienne,Rodez AF,23.5,22.3,15.7,15.5
Benedict Hollerbach,AC,27.0,10.99,Mainz 05,Bournemouth,Bournemouth,Bournemouth,73.6,73.3,69.9,69.3
Finn Dahmen,GAR,30.0,5.35,FC Augsburg,FC Augsburg,CA Osasuna,CA Osasuna,46.2,42.4,39.9,42.8
Keven Schlotterbeck,DC,31.0,7.26,FC Augsburg,FC Augsburg,FC Augsburg,FC Augsburg,81.5,72.8,58.6,58.1
Marius Wolf,LAT,33.0,3.41,FC Augsburg,FC Augsburg,Samsunspor,Samsunspor,30.9,27.6,26.0,30.2
Kristijan Jakic,MDEF,31.0,3.11,FC Augsburg,FC Augsburg,Herta Berlin,Herta Berlin,38.5,34.6,29.2,28.4
Fabian Rieder,MOFF,26.0,6.5,FC Augsburg,FC Augsburg,FC Utrecht,FC Utrecht,55.4,47.1,49.8,52.0
Alexis Claude-Maurice,AIL,30.0,3.33,FC Augsburg,FC Augsburg,FC Augsburg,FC Augsburg,46.2,39.7,31.2,29.7
Michael Gregoritsch,AC,34.0,2.19,FC Augsburg,FC Augsburg,FC Augsburg,FC Augsburg,36.4,32.7,25.9,22.7
Frederik Rönnow,GAR,36.0,5.97,Union Berlin,Union Berlin,US Cremonese,US Cremonese,61.1,56.4,47.9,47.8
Danilho Doekhi,DC,30.0,5.28,Union Berlin,Union Berlin,Union Berlin,Union Berlin,53.6,51.4,45.6,42.2
Tom Rothe,LAT,24.0,8.7,Union Berlin,Union Berlin,Manchester United,Manchester United,58.5,56.7,64.3,63.2
Rani Khedira,MDEF,35.0,3.1,Union Berlin,Union Berlin,FC Twente,Besiktas JK,30.4,31.2,29.3,28.3
Janik Haberer,MOFF,34.0,3.99,Union Berlin,Union Berlin,Udinese Calcio,Udinese Calcio,25.7,23.7,28.9,33.8
Woo-yeong Jeong,AIL,29.0,1.72,Union Berlin,Sunderland,Sunderland,Sunderland,23.5,22.0,20.0,19.7
Andrej Ilic,AC,28.0,5.4,Union Berlin,Union Berlin,Torino FC,Torino FC,61.7,60.5,44.7,43.2
Daniel Heuer Fernandes,GAR,36.0,1.61,Hamburger SV,Hamburger SV,Hamburger SV,US Sassuolo,25.6,21.4,17.7,18.4
Luka Vuskovic,DC,21.0,4.76,Hamburger SV,Hamburger SV,Red Star FC,Red Star FC,43.5,39.9,41.2,38.5
Miro Muheim,LAT,30.0,2.11,Hamburger SV,Hamburger SV,Hamburger SV,Hamburger SV,33.8,28.1,20.4,22.2
Nicolai Remberg,MDEF,28.0,1.35,Hamburger SV,Hamburger SV,Hamburger SV,Hamburger SV,32.0,29.1,14.4,15.4
Fábio Vieira,MOFF,28.0,5.91,Hamburger SV,Hamburger SV,Hamburger SV,Hamburger SV,75.3,67.3,47.1,47.3
Philip Otele,AIL,29.0,2.3,Hamburger SV,Hamburger SV,Hamburger SV,AS Anus,23.5,19.3,22.1,23.4
Ransford Königsdörffer,AC,27.0,1.64,Hamburger SV,Hamburger SV,Everton FC,Everton FC,36.8,36.1,23.3,18.7
Marvin Schwäbe,GAR,33.0,4.98,Fc Köln,Fc Köln,Fc Köln,Fc Köln,43.6,38.9,39.8,39.9
Timo Hübers,DC,32.0,2.81,Fc Köln,Fc Köln,Fc Köln,Fc Köln,22.0,21.0,26.8,26.5
Sebastian Sebulonsen,LAT,29.0,1.2,Fc Köln,Fc Köln,Fc Köln,Athletic Bilbao,10.9,10.2,11.0,13.7
Eric Martel,MDEF,26.0,7.91,Fc Köln,Fc Köln,Fc Köln,Hannover 96,70.0,66.5,60.7,61.1
Alessio Castro-Montes,MOFF,31.0,2.9,Fc Köln,Herta Berlin,Herta Berlin,Herta Berlin,44.7,37.6,28.3,27.1
Said El Mala,AIL,22.0,7.36,Fc Köln,Gil Vicente,Gil Vicente,Gil Vicente,59.5,52.9,65.5,58.9
Ragnar Ache,AC,30.0,2.82,Fc Köln,Fc Köln,Fc Köln,Fc Köln,23.5,22.3,30.9,26.6
Nikola Vasilj,GAR,33.0,3.25,FC Saint Pauli,FC Saint Pauli,FC Saint Pauli,FC Saint Pauli,43.6,39.1,30.8,29.2
Eric Smith,DC,32.0,1.96,FC Saint Pauli,FC Saint Pauli,FC Saint Pauli,FC Saint Pauli,31.3,30.5,23.4,21.3
Arkadiusz Pyrka,LAT,26.0,1.05,FC Saint Pauli,FC Saint Pauli,FC Groningen,FC Groningen,15.4,14.2,14.0,11.9
James Sands,MDEF,28.0,1.08,FC Saint Pauli,Sporting Charleroi,Sporting Charleroi,Sporting Charleroi,26.8,24.0,11.6,12.3
Joel Chima Fujita,MOFF,26.0,1.15,FC Saint Pauli,FC Saint Pauli,FC Saint Pauli,Alanyaspor,20.2,18.8,12.9,13.1
Mathias Pereira Lage,AIL,32.0,3.64,FC Saint Pauli,Göztepe,Göztepe,Göztepe,37.9,33.6,33.8,31.6
Martijn Kaars,AC,29.0,0.94,FC Saint Pauli,FC Saint Pauli,FC Saint Pauli,FC Twente,14.4,12.8,13.1,10.7
Tjark Ernst,GAR,25.0,3.16,Herta Berlin,Real Oviedo,AS Saint-Etienne,AS Saint-Etienne,21.1,20.9,26.6,28.7
Linus Gechter,DC,23.0,2.29,Herta Berlin,Herta Berlin,Herta Berlin,Torino FC,22.8,19.7,26.1,23.3
Michal Karbownik,LAT,27.0,0.68,Herta Berlin,Herta Berlin,Herta Berlin,Como,25.0,20.5,7.7,7.7
Kennet Eichhorn,MDEF,19.0,0.05,Herta Berlin,Herta Berlin,Tottenham,Plouhinec FC,18.5,0.0,0.1,0.5
Michaël Cuisance,MOFF,28.0,1.6,Herta Berlin,Newcastle,AS Anus,Elche CF,19.0,13.5,13.6,18.3
Fabian Reese,AIL,31.0,1.86,Herta Berlin,Herta Berlin,Herta Berlin,Herta Berlin,32.7,28.0,22.9,20.7
Dawid Kownacki,AC,31.0,1.05,Herta Berlin,Herta Berlin,Herta Berlin,Herta Berlin,18.1,13.2,14.1,12.0
Dennis Seimen,GAR,23.0,0.88,SC Paderborn,SC Paderborn,SC Paderborn,Plouhinec FC,9.4,8.9,10.9,10.0
Felix Götze,DC,30.0,5.78,SC Paderborn,SC Paderborn,SC Paderborn,SC Paderborn,72.1,63.6,49.0,46.2
Raphael Obermair,LAT,32.0,0.86,SC Paderborn,Brentford,Brentford,Brentford,17.6,11.8,9.3,9.8
Mika Baur,MDEF,24.0,0.47,SC Paderborn,SC Paderborn,SC Paderborn,Cagliari Calcio,4.7,3.8,4.9,5.3
Sebastian Klaas,MOFF,30.0,0.26,SC Paderborn,SC Paderborn,FC Nantes,FC Nantes,3.9,3.2,2.8,2.9
Filip Bilbija,AIL,28.0,0.73,SC Paderborn,SC Paderborn,SC Paderborn,SC Paderborn,26.8,22.8,9.5,8.3
Kennedy Okpala,AC,24.0,0.38,SC Paderborn,Celta Vigo,Celta Vigo,Celta Vigo,4.7,4.7,5.8,4.2
Nahuel Noll,GAR,25.0,1.38,Hannover 96,RCD Mallorca,RCD Mallorca,RCD Mallorca,11.7,10.5,15.3,15.7
Virgil Ghiță,DC,29.0,0.59,Hannover 96,Hannover 96,FC Nantes,Parma Calcio,10.9,9.4,7.0,6.7
Maurice Neubauer,LAT,32.0,3.13,Hannover 96,Hannover 96,Udinese Calcio,Udinese Calcio,22.0,16.9,21.3,28.5
Noel Aseko,MDEF,23.0,0.29,Hannover 96,Hannover 96,FC Nantes,FC Nantes,3.5,2.8,2.6,3.2
Enzo Leopold,MOFF,28.0,1.85,Hannover 96,Hannover 96,Wolverhampton,Wolverhampton,45.3,39.8,18.2,20.6
Elias Saad,AIL,29.0,1.3,Hannover 96,Hannover 96,Hannover 96,Hannover 96,19.0,15.0,13.0,14.8
Benjamin Källman,AC,30.0,0.83,Hannover 96,SC Paderborn,SC Paderborn,SC Paderborn,19.0,15.0,12.3,9.4
Maduka Okoye,GAR,29.0,4.17,Udinese Calcio,Udinese Calcio,Udinese Calcio,Udinese Calcio,28.8,24.9,30.3,34.9
Oumar Solet,DC,28.0,6.96,Udinese Calcio,Udinese Calcio,Udinese Calcio,Udinese Calcio,75.3,69.1,53.8,55.7
Jordan Zemura,LAT,29.0,0.65,Udinese Calcio,Udinese Calcio,FC Nantes,FC Nantes,10.9,10.0,7.3,7.4
Jesper Karlström,MDEF,33.0,4.5,Udinese Calcio,Udinese Calcio,Udinese Calcio,Udinese Calcio,30.9,28.5,34.3,36.9
Nicolò Zaniolo,MOFF,29.0,3.02,Udinese Calcio,Udinese Calcio,Rayo Vallecano,Uchiha Palaiseau,40.0,34.1,24.7,27.8
Idrissa Gueye,AIL,22.0,4.2,Udinese Calcio,Udinese Calcio,Uchiha Palaiseau,Uchiha Palaiseau,29.4,25.4,32.4,35.1
Keinan Davis,AC,30.0,2.77,Udinese Calcio,Udinese Calcio,Udinese Calcio,Udinese Calcio,19.0,14.3,26.5,26.3
Emil Audero,GAR,32.0,5.3,US Cremonese,US Cremonese,Deportivo Alavés,AS Anus,50.2,46.5,45.4,42.4
Federico Baschirotto,DC,32.0,7.24,US Cremonese,US Cremonese,Newcastle,Newcastle,31.3,32.3,56.5,57.9
Filippo Terracciano,LAT,25.0,12.08,US Cremonese,AS Monaco,AS Monaco,AS Monaco,83.6,78.0,72.9,72.2
Warren Bondo,MDEF,25.0,6.78,US Cremonese,US Cremonese,Hoffenheim,Uchiha Palaiseau,41.1,42.2,54.8,54.2
Jari Vandeputte,MOFF,32.0,1.62,US Cremonese,US Cremonese,US Cremonese,US Cremonese,17.6,15.4,15.8,18.5
Dennis Johnsen,AIL,30.0,1.11,US Cremonese,US Cremonese,US Sassuolo,US Sassuolo,14.4,14.7,12.8,12.6
Antonio Sanabria,AC,32.0,5.09,US Cremonese,US Cremonese,US Cremonese,US Cremonese,37.9,37.7,42.4,40.7
Arijanet Murić,GAR,30.0,1.01,US Sassuolo,US Sassuolo,US Sassuolo,Elche CF,19.0,15.7,12.7,11.5
Jay Idzes,DC,28.0,0.92,US Sassuolo,US Sassuolo,US Sassuolo,US Sassuolo,32.0,29.7,11.4,10.5
Sebastian Walukiewicz,LAT,27.0,1.26,US Sassuolo,US Sassuolo,Rodez AF,Club Brugge,26.8,22.6,13.2,14.4
Kristian Thorstvedt,MDEF,29.0,1.91,US Sassuolo,US Sassuolo,US Sassuolo,Rodez AF,40.0,33.9,21.9,21.0
Ismaël Koné,MOFF,26.0,8.1,US Sassuolo,US Sassuolo,Werder Bremen,Werder Bremen,39.5,35.2,53.9,61.6
Domenico Berardi,AIL,33.0,5.99,US Sassuolo,US Sassuolo,FC Nantes,Alanyaspor,74.8,63.3,50.5,47.9
Andrea Pinamonti,AC,29.0,1.66,US Sassuolo,US Sassuolo,Genoa CFC,Genoa CFC,33.8,28.6,21.8,19.0
Elia Caprile,GAR,27.0,4.09,Cagliari Calcio,Wolfsburg,Wolfsburg,Wolfsburg,67.1,62.4,35.5,34.4
Sebastiano Luperto,DC,32.0,2.21,Cagliari Calcio,Cagliari Calcio,Cagliari Calcio,FC Groningen,37.9,33.2,23.6,22.8
Marco Palestra,LAT,23.0,5.66,Cagliari Calcio,US Lecce,US Lecce,US Lecce,59.3,50.3,43.9,45.3
Michel Adopo,MDEF,28.0,0.99,Cagliari Calcio,Cagliari Calcio,Cagliari Calcio,AS Monaco,32.0,29.1,11.4,11.3
Michael Folorunsho,MOFF,30.0,1.65,Cagliari Calcio,Cagliari Calcio,Cagliari Calcio,Cagliari Calcio,33.8,28.1,19.8,18.9
Sebastiano Esposito,AIL,26.0,14.1,Cagliari Calcio,Cagliari Calcio,SL Benfica,SL Benfica,63.5,55.3,70.5,77.6
Andrea Belotti,AC,35.0,2.69,Cagliari Calcio,Cagliari Calcio,Cagliari Calcio,Cagliari Calcio,42.2,36.2,31.4,25.8
Wladimiro Falcone,GAR,33.0,7.25,US Lecce,FC Utrecht,FC Utrecht,FC Utrecht,69.3,63.5,58.9,58.0
Tiago Gabriel,DC,24.0,6.83,US Lecce,Alanyaspor,Alanyaspor,Alanyaspor,58.5,55.6,56.8,54.6
Antonino Gallo,LAT,29.0,2.45,US Lecce,Genoa CFC,Genoa CFC,Genoa CFC,33.8,31.1,23.9,24.3
Ylber Ramadani,MDEF,32.0,0.61,US Lecce,US Lecce,US Lecce,US Lecce,10.0,8.6,6.2,6.9
Omri Gandelman,MOFF,28.0,0.78,US Lecce,US Lecce,SC Paderborn,SC Paderborn,26.8,23.2,9.1,8.8
Santiago Pierotti,AIL,27.0,1.46,US Lecce,US Lecce,Brighton,Brighton,25.0,23.1,19.9,16.7
Francesco Camarda,AC,20.0,0.39,US Lecce,US Lecce,West Ham,West Ham,36.3,19.6,3.0,4.4
Zion Suzuki,GAR,26.0,10.42,Parma Calcio,Getafe,Getafe,Getafe,81.7,75.4,67.0,67.8
Alessandro Circati,DC,25.0,2.86,Parma Calcio,Parma Calcio,Parma Calcio,Mainz 05,33.6,32.1,30.6,26.8
Enrico Delprato,LAT,29.0,1.42,Parma Calcio,Parma Calcio,Parma Calcio,Olympique Lyonnais,33.8,28.1,18.0,16.2
Mandela Keita,MDEF,26.0,5.33,Parma Calcio,Parma Calcio,Parma Calcio,Parma Calcio,70.0,60.8,46.2,42.6
Adrián Bernabé,MOFF,27.0,2.24,Parma Calcio,Parma Calcio,Alanyaspor,AS Anus,52.6,45.2,24.5,23.0
Jacob Ondrejka,AIL,26.0,5.76,Parma Calcio,Parma Calcio,Royal Anterwerp FC,Royal Anterwerp FC,47.6,44.7,48.6,46.1
Mateo Pellegrino,AC,27.0,1.16,Parma Calcio,Parma Calcio,RCD Mallorca,RCD Mallorca,25.0,25.3,13.5,13.2
Nicola Leali,GAR,35.0,0.77,Genoa CFC,Genoa CFC,Genoa CFC,Genoa CFC,12.9,10.7,8.7,8.7
Johan Vásquez,DC,30.0,2.48,Genoa CFC,Genoa CFC,Genoa CFC,Genoa CFC,33.8,31.5,27.0,24.5
Brooke Norton-Cuffy,LAT,25.0,3.29,Genoa CFC,Deportivo Alavés,Deportivo Alavés,Deportivo Alavés,28.3,26.4,28.5,29.5
Morten Frendrup,MDEF,27.0,6.8,Genoa CFC,Sparta Rotterdam,Sparta Rotterdam,Sparta Rotterdam,67.1,61.0,50.2,54.4
Ruslan Malinovskyi,MOFF,35.0,1.56,Genoa CFC,Genoa CFC,Genoa CFC,Genoa CFC,36.0,30.9,18.6,17.8
Maxwel Cornet,AIL,32.0,1.52,Genoa CFC,Genoa CFC,Genoa CFC,Cagliari Calcio,27.6,22.7,20.1,17.3
Vitinha Oliveira,AC,,,Genoa CFC,Genoa CFC,Alanyaspor,,52.9,48.2,33.4,
Adrian Semper,GAR,31.0,1.73,Pisa SC,Herta Berlin,Herta Berlin,Herta Berlin,27.9,23.4,20.5,19.8
Simone Canestrelli,DC,28.0,0.98,Pisa SC,Pisa SC,Pisa SC,Juventus Turin,20.5,18.5,10.5,11.2
Idrissa Touré,LAT,30.0,0.9,Pisa SC,Pisa SC,Pisa SC,Pisa SC,14.4,11.0,10.3,10.2
Michel Aebischer,MDEF,32.0,4.3,Pisa SC,Moreirense FC,Moreirense FC,Moreirense FC,44.1,36.4,35.2,35.7
Calvin Stengs,MOFF,30.0,2.17,Pisa SC,Pisa SC,Pisa SC,Standard de Liège,40.0,34.5,21.6,22.6
Matteo Tramoni,AIL,29.0,1.77,Pisa SC,Pisa SC,Wolverhampton,Wolverhampton,28.8,23.9,19.2,20.1
M'Bala Nzola,AC,32.0,1.96,Pisa SC,Pisa SC,Pisa SC,Pisa SC,31.3,27.2,22.3,21.3
Lorenzo Montipò,GAR,32.0,3.75,Hellas Verona,Hellas Verona,Hellas Verona,Hellas Verona,37.9,34.0,33.8,32.3
Victor Nelsson,DC,29.0,2.25,Hellas Verona,Hellas Verona,AS Saint-Etienne,US Lecce,33.8,29.8,25.6,23.1
Rafik Belghali,LAT,25.0,0.95,Hellas Verona,Cagliari Calcio,Red Star FC,SC Paderborn,15.4,12.1,10.6,10.8
Moatasem Al-Musrati,MDEF,32.0,1.7,Hellas Verona,Hellas Verona,Hellas Verona,Hellas Verona,27.6,21.9,17.2,19.4
Suat Serdar,MOFF,31.0,3.0,Hellas Verona,Hellas Verona,Hellas Verona,Hellas Verona,38.5,31.8,23.1,27.7
Amin Sarr,AIL,27.0,1.23,Hellas Verona,Hellas Verona,Hellas Verona,Hellas Verona,29.9,29.8,13.7,14.0
Gift Orban,AC,26.0,5.89,Hellas Verona,Hellas Verona,Hellas Verona,Hellas Verona,55.4,50.2,48.2,47.1
Franco Israel,GAR,28.0,4.94,Torino FC,Torino FC,Real Oviedo,Real Oviedo,52.9,57.3,40.3,39.6
Guillermo Maripán,DC,34.0,4.14,Torino FC,Torino FC,Torino FC,AS Anus,30.6,33.7,33.0,34.7
Valentino Lazaro,LAT,32.0,3.94,Torino FC,Torino FC,Göztepe,Torino FC,37.9,38.1,35.3,33.5
Kristjan Asllani,MDEF,26.0,7.47,Torino FC,Torino FC,Torino FC,Torino FC,63.5,64.9,57.8,59.8
Nikola Vlašić,MOFF,31.0,6.89,Torino FC,Torino FC,Torino FC,Torino FC,57.7,58.7,53.3,55.1
Zakaria Aboukhlal,AIL,28.0,6.33,Torino FC,Torino FC,Torino FC,SSC Napoli,61.7,67.8,50.2,50.6
Giovanni Simeone,AC,33.0,6.53,Torino FC,Torino FC,FC Lorient,FC Lorient,37.3,42.0,56.9,52.2
Gaëtan Poussin,GAR,29.0,0.32,Red Star FC,Red Star FC,Tottenham,West Ham,1.0,1.7,2.7,3.6
Dylan Durivaux,DC,26.0,3.52,Red Star FC,Red Star FC,Wolverhampton,Wolverhampton,25.0,25.8,29.4,30.9
Dembo Sylla,LAT,25.0,0.43,Red Star FC,Red Star FC,Leeds United,Leeds United,2.9,3.5,3.5,4.8
Giovanni Haag,MDEF,27.0,0.24,Red Star FC,Red Star FC,Red Star FC,Burnley,5.4,5.0,2.2,2.6
Ryad Hachem,MOFF,29.0,0.18,Red Star FC,Red Star FC,Eintracht Francfort,Aston Villa,0.4,0.1,1.5,1.9
Damien Durand,AIL,32.0,0.1,Red Star FC,Red Star FC,Red Star FC,Eintracht Francfort,1.5,1.4,1.0,1.0
Jovany Ikanga,AC,26.0,0.25,Red Star FC,Red Star FC,Red Star FC,Como,7.6,7.6,3.9,2.8
Adrián Ortolá,GAR,34.0,0.33,Plouhinec FC,Plouhinec FC,Plouhinec FC,Toulouse FC,4.6,4.4,4.2,3.7
Donatien Gomis,DC,33.0,0.65,Plouhinec FC,Plouhinec FC,Espanyol Barcelona,Espanyol Barcelona,7.9,6.8,7.2,7.3
Alpha Sissoko,LAT,31.0,0.31,Plouhinec FC,Plouhinec FC,FC Augsburg,FC Augsburg,4.9,3.6,3.3,3.5
Kalidou Sidibé,MDEF,29.0,1.09,Plouhinec FC,Plouhinec FC,Plouhinec FC,AZ Alkmaar,19.0,16.5,13.8,12.4
Amine Hemia,MOFF,30.0,0.38,Plouhinec FC,Plouhinec FC,Plouhinec FC,FC Saint Pauli,8.2,6.0,4.6,4.3
Jérémy Hatchi,AIL,23.0,0.64,Plouhinec FC,Plouhinec FC,Plouhinec FC,Plouhinec FC,5.2,5.2,8.2,7.2
Louis Mafouta ,AC,33.0,0.06,Plouhinec FC,Plouhinec FC,Parma Calcio,Parma Calcio,1.4,1.5,1.3,0.6
Alban Lafont,GAR,28.0,0.31,FC Nantes,FC Nantes,Burnley,FC Nantes,3.9,3.7,4.0,3.4
Chidozie Awaziem,DC,30.0,0.22,FC Nantes,FC Nantes,Leeds United,Leeds United,3.7,3.3,2.4,2.4
Kelvin Amian,LAT,29.0,0.4,FC Nantes,FC Nantes,Eintracht Francfort,Eintracht Francfort,1.8,1.3,4.4,4.5
Johann Lepenant,MDEF,25.0,0.16,FC Nantes,FC Nantes,Gil Vicente,Gil Vicente,0.2,1.0,2.0,1.7
Louis Leroux,MOFF,21.0,0.48,FC Nantes,FC Nantes,Brentford,Brentford,1.2,2.2,4.1,5.4
Herba Guirassy,AIL,21.0,1.31,FC Nantes,FC Nantes,Cagliari Calcio,Red Star FC,5.6,6.1,15.5,15.0
Matthis Abline,AC,24.0,1.37,FC Nantes,FC Nantes,Leeds United,Leeds United,11.7,13.0,21.2,15.6
Obed Nkambadio,GAR,24.0,2.35,AS Anus,AS Anus,FC Augsburg,Plouzané AC,16.2,18.1,20.9,23.7
Otávio,DC,25.0,0.89,AS Anus,AS Anus,Olympique Lyonnais,Olympique Lyonnais,4.3,5.6,12.1,10.1
Thibault De Smet,LAT,29.0,0.17,AS Anus,AS Anus,West Ham,West Ham,0.4,0.5,0.6,1.8
Maxime Lopez,MDEF,30.0,0.87,AS Anus,AS Anus,Nottingham Forest,Nottingham Forest,10.3,8.8,7.8,9.9
Vincent Marchetti,MOFF,30.0,0.12,AS Anus,AS Anus,Burnley,Burnley,3.7,2.9,1.9,1.3
Moses Simon,AIL,32.0,0.19,AS Anus,AS Anus,Tottenham,Tottenham,0.8,0.9,1.6,2.1
Willem Geubbels,AC,26.0,0.58,AS Anus,AS Anus,Fulham FC,Fulham FC,5.9,6.2,8.0,6.5
Radoslaw Majecki,GAR,26.0,0.24,SO Millau,SO Millau,Celta Vigo,Celta Vigo,4.2,4.5,3.4,2.7
Brendan Chardonnet,DC,33.0,0.13,SO Millau,SO Millau,Séville FC,Séville FC,0.6,0.6,1.2,1.4
Bradley Locko,LAT,25.0,1.18,SO Millau,SO Millau,Hannover 96,Red Star FC,10.6,9.0,10.4,13.4
Joris Chotard,MDEF,26.0,0.04,SO Millau,SO Millau,Burnley,Tottenham,0.1,0.2,0.3,0.3
Junior Dina Ebimbe,MOFF,27.0,0.55,SO Millau,SO Millau,FC Augsburg,FC Augsburg,15.7,12.4,5.6,6.2
Romain Del Castillo,AIL,31.0,1.11,SO Millau,SO Millau,Atalanta,Atalanta,4.9,4.6,11.1,12.7
Ludovic Ajorque,AC,33.0,0.15,SO Millau,SO Millau,Tottenham,Tottenham,0.6,0.8,1.4,1.6
Hervé Koffi,GAR,32.0,5.81,Angers SCO,Angers SCO,Angers SCO,Angers SCO,31.3,31.9,44.3,46.5
Ousmane Camara,DC,25.0,3.57,Angers SCO,Atalanta,Atalanta,AS Saint-Etienne,16.2,16.7,30.1,31.2
Carlens Arcus,LAT,32.0,2.32,Angers SCO,Angers SCO,Angers SCO,Rodez AF,17.6,12.6,19.1,23.5
Haris Belkebla,MDEF,34.0,4.87,Angers SCO,Angers SCO,Angers SCO,SO Millau,30.6,29.5,38.2,39.2
Himad Abdelli,MOFF,29.0,5.17,Angers SCO,Angers SCO,Angers SCO,Plouhinec FC,40.0,35.8,36.7,41.4
Yassin Belkhdim,AIL,26.0,5.84,Angers SCO,Angers SCO,Angers SCO,Plouzané AC,26.3,26.5,42.9,46.7
Sidiki Chérif,AC,22.0,5.19,Angers SCO,Angers SCO,Plouhinec FC,Plouhinec FC,35.9,40.1,46.5,41.5
Mory Diaw,GAR,34.0,0.18,Uchiha Palaiseau,Uchiha Palaiseau,Parma Calcio,Parma Calcio,2.6,2.3,3.1,2.0
Arouna Sangante,DC,25.0,3.31,Uchiha Palaiseau,Uchiha Palaiseau,Uchiha Palaiseau,Besiktas JK,33.1,31.0,29.1,29.6
Fodé Doucouré,LAT,26.0,0.63,Uchiha Palaiseau,Uchiha Palaiseau,Uchiha Palaiseau,Tottenham,18.6,14.8,5.7,7.1
Abdoulaye Touré,MDEF,33.0,1.12,Uchiha Palaiseau,Uchiha Palaiseau,Uchiha Palaiseau,Sunderland,17.1,12.9,11.3,12.8
Sofiane Boufal,MOFF,34.0,0.08,Uchiha Palaiseau,Uchiha Palaiseau,Fulham FC,Fulham FC,2.6,1.8,0.7,0.8
Issa Soumaré,AIL,27.0,0.03,Uchiha Palaiseau,Uchiha Palaiseau,Parma Calcio,Parma Calcio,1.3,1.2,0.4,0.2
Ally Samatta,AC,35.0,0.56,Uchiha Palaiseau,Uchiha Palaiseau,Brentford,Brentford,9.5,7.8,6.6,6.3
Jonathan Fischer,GAR,26.0,0.82,Plouzané AC,Plouzané AC,Plouzané AC,Hamburger SV,18.6,20.8,10.1,9.3
Jean-Philippe Gbamin,DC,32.0,0.72,Plouzané AC,Plouzané AC,Hellas Verona,Hellas Verona,8.1,6.9,6.8,8.2
Koffi Kouao,LAT,29.0,0.11,Plouzané AC,Plouzané AC,Plouzané AC,Parma Calcio,1.8,1.9,1.1,1.1
Jessy Deminguet,MDEF,30.0,0.04,Plouzané AC,Plouzané AC,Plouzané AC,SC Paderborn,0.3,0.4,0.5,0.4
Gauthier Hein,MOFF,31.0,0.09,Plouzané AC,Plouzané AC,Plouzané AC,Juventus Turin,1.6,1.6,0.8,0.9
Giorgi Tsitaishvili,AIL,27.0,0.6,Plouzané AC,Plouzané AC,Plouzané AC,Fulham FC,11.6,12.7,7.4,6.8
Habib Diallo,AC,32.0,1.29,Plouzané AC,Plouzané AC,Sunderland,Sunderland,13.3,12.0,16.3,14.7
Quentin Braat,GAR,30.0,0.3,Rodez AF,Rodez AF,Séville FC,Séville FC,2.8,2.6,3.2,3.3
Raphaël Lipinsk,DC,25.0,0.35,Rodez AF,Rodez AF,Gil Vicente,Gil Vicente,2.1,3.1,5.1,3.9
Evans Jean-Lambert,LAT,29.0,0.11,Rodez AF,Rodez AF,Burnley,Burnley,1.8,1.9,1.7,1.2
Jordan Mendes,MDEF,24.0,0.57,Rodez AF,Rodez AF,Olympique Lyonnais,Olympique Lyonnais,6.6,5.5,6.5,6.4
Octave Joly,MOFF,25.0,0.14,Rodez AF,Rodez AF,Parma Calcio,Parma Calcio,2.1,2.1,2.1,1.5
Taïryk Arconte,AIL,24.0,3.65,Rodez AF,Rodez AF,Juventus Turin,Juventus Turin,11.7,10.5,27.3,31.7
Ibrahima Baldé,AC,25.0,2.04,Rodez AF,Rodez AF,Atalanta,Atalanta,6.1,6.3,24.4,21.8
Gautier Larsonneur,GAR,30.0,0.34,AS Saint-Etienne,AS Saint-Etienne,Cagliari Calcio,Cagliari Calcio,5.1,3.9,4.5,3.8
Mickaël Nadé,DC,28.0,0.07,AS Saint-Etienne,AS Saint-Etienne,Fulham FC,FC Nantes,0.0,0.3,0.9,0.7
Ebenezer Annan,LAT,25.0,0.35,AS Saint-Etienne,AS Saint-Etienne,Cagliari Calcio,Cagliari Calcio,2.1,2.4,3.8,3.9
Mahmoud Jaber,MDEF,28.0,0.02,AS Saint-Etienne,AS Saint-Etienne,Celta Vigo,Celta Vigo,1.0,0.7,0.2,0.1
Igor Miladinovic,MOFF,24.0,0.84,AS Saint-Etienne,AS Saint-Etienne,AS Monaco,AS Monaco,3.1,3.0,8.4,9.5
Zuriko Davitashvili,AIL,26.0,1.45,AS Saint-Etienne,AS Saint-Etienne,Olympique Lyonnais,Olympique Lyonnais,10.1,8.3,22.0,16.6
Lucas Stassin,AC,23.0,0.7,AS Saint-Etienne,AS Saint-Etienne,Burnley,Burnley,9.2,8.4,10.2,7.9
Paul Creti,AC,18.0,0.01,,West Ham,AS Saint-Etienne,AS Saint-Etienne,,0.0,0.0,0.0
Alexandre Rodriguez,MOFF,16.0,0.01,,,,Eintracht Francfort,,,,0.0
André Leroy,DC,16.0,0.01,,,,Atalanta,,,,0.0
Elyes Ahmed,GAR,16.0,0.01,,,,AS Monaco,,,,0.0
Maxence Coulibaly,GAR,16.0,0.01,,,,Club Brugge,,,,0.0
Noah Camara,GAR,16.0,0.01,,,,Tottenham,,,,0.0
Romain Hernandez,GAR,16.0,0.01,,,,Leeds United,,,,0.0
Leo Dowman,GAR,16.0,0.01,,,,Burnley,,,,0.0
Nathan Peeters,AC,16.0,0.01,,,,Séville FC,,,,0.0
Alexandre Di Lauro,GAR,16.0,0.01,,,,FC Augsburg,,,,0.0
Alexandre Ahmed,GAR,16.0,0.01,,,,SC Paderborn,,,,0.0
