competition,Phase,Equipe dom,Equipe ext,Score dom,Score ext,Occas dom,Occas ext,Posses dom,Posses ext
Bundesliga,Journée 1,Werder Bremen,Borussia Dortmund,1,1,3,1,27,73
Bundesliga,Journée 1,SC Fribourg,Bayern Munich,0,3,0,4,34,66
Bundesliga,Journée 1,Wolfsburg,Bayer Leverkusen,2,2,2,3,51,49
Bundesliga,Journée 1,Vfb Stuttgart,Eintracht Francfort,3,1,4,1,49,51
Bundesliga,Journée 1,RB Leipzig,Hoffenheim,1,0,3,1,33,67
Bundesliga,Journée 2,Borussia Dortmund,Wolfsburg,3,1,4,3,48,52
Bundesliga,Journée 2,Werder Bremen,Eintracht Francfort,2,1,4,1,30,70
Bundesliga,Journée 2,RB Leipzig,Bayern Munich,2,5,2,5,68,32
Bundesliga,Journée 2,Vfb Stuttgart,Hoffenheim,4,2,5,2,58,42
Bundesliga,Journée 2,SC Fribourg,Bayer Leverkusen,0,0,1,0,44,56
Bundesliga,Journée 3,Eintracht Francfort,Bayer Leverkusen,2,2,2,3,42,58
Bundesliga,Journée 3,RB Leipzig,Werder Bremen,0,0,3,3,36,64
Bundesliga,Journée 3,Borussia Dortmund,Vfb Stuttgart,2,1,3,4,56,44
Bundesliga,Journée 3,Wolfsburg,SC Fribourg,1,1,1,2,50,50
Bundesliga,Journée 3,Bayern Munich,Hoffenheim,2,0,9,0,72,28
Bundesliga,Journée 4,Bayern Munich,Vfb Stuttgart,6,0,7,1,43,57
Bundesliga,Journée 4,Hoffenheim,SC Fribourg,1,2,2,4,63,37
Bundesliga,Journée 4,Bayer Leverkusen,Werder Bremen,1,1,3,1,44,56
Bundesliga,Journée 4,Wolfsburg,RB Leipzig,2,3,2,6,49,51
Bundesliga,Journée 4,Eintracht Francfort,Borussia Dortmund,0,2,0,4,42,58
Bundesliga,Journée 5,Borussia Dortmund,Bayer Leverkusen,4,1,4,1,39,61
Bundesliga,Journée 5,Eintracht Francfort,RB Leipzig,2,3,2,4,38,62
Bundesliga,Journée 5,SC Fribourg,Vfb Stuttgart,0,0,0,1,68,32
Bundesliga,Journée 5,Bayern Munich,Wolfsburg,3,0,4,0,36,64
Bundesliga,Journée 5,Werder Bremen,Hoffenheim,2,0,2,0,54,46
Bundesliga,Journée 6,Bayer Leverkusen,Bayern Munich,4,7,4,7,56,44
Bundesliga,Journée 6,Wolfsburg,Werder Bremen,3,3,4,4,59,41
Bundesliga,Journée 6,Borussia Dortmund,SC Fribourg,1,0,1,0,76,24
Bundesliga,Journée 6,Eintracht Francfort,Hoffenheim,2,1,4,2,60,40
Bundesliga,Journée 6,Vfb Stuttgart,RB Leipzig,3,1,6,3,49,51
Bundesliga,Journée 7,Borussia Dortmund,Bayern Munich,2,2,3,4,50,50
Bundesliga,Journée 7,SC Fribourg,RB Leipzig,1,0,1,2,68,32
Bundesliga,Journée 7,Wolfsburg,Eintracht Francfort,0,4,2,6,37,63
Bundesliga,Journée 7,Hoffenheim,Bayer Leverkusen,2,0,2,2,33,67
Bundesliga,Journée 7,Vfb Stuttgart,Werder Bremen,4,0,5,1,50,50
Bundesliga,Journée 8,Werder Bremen,Bayern Munich,0,2,0,2,46,54
Bundesliga,Journée 8,Hoffenheim,Wolfsburg,0,4,0,5,43,57
Bundesliga,Journée 8,SC Fribourg,Eintracht Francfort,2,1,3,2,51,49
Bundesliga,Journée 8,Vfb Stuttgart,Bayer Leverkusen,0,4,0,5,64,36
Bundesliga,Journée 8,Borussia Dortmund,RB Leipzig,4,0,4,0,62,38
Bundesliga,Journée 9,Bayer Leverkusen,RB Leipzig,2,2,4,4,49,51
Bundesliga,Journée 9,Vfb Stuttgart,Wolfsburg,1,3,2,3,54,46
Bundesliga,Journée 9,Hoffenheim,Borussia Dortmund,0,1,1,3,37,63
Bundesliga,Journée 9,Werder Bremen,SC Fribourg,1,1,3,2,54,46
Bundesliga,Journée 9,Bayern Munich,Eintracht Francfort,9,1,9,2,60,40
Bundesliga 2,Journée 1,FC Augsburg,Hamburger SV,1,2,4,2,62,38
Bundesliga 2,Journée 1,Union Berlin,Herta Berlin,3,1,6,2,59,41
Bundesliga 2,Journée 1,SC Paderborn,Hannover 96,0,1,1,1,53,47
Bundesliga 2,Journée 1,Fc Köln,Borussia Mönchengladbach,2,4,3,4,57,43
Bundesliga 2,Journée 1,FC Saint Pauli,Mainz 05,1,1,3,1,32,68
Bundesliga 2,Journée 2,Borussia Mönchengladbach,Hannover 96,3,1,3,1,56,44
Bundesliga 2,Journée 2,Hamburger SV,SC Paderborn,1,0,2,0,60,40
Bundesliga 2,Journée 2,Union Berlin,Fc Köln,1,1,1,3,43,57
Bundesliga 2,Journée 2,FC Saint Pauli,Herta Berlin,1,2,2,3,53,47
Bundesliga 2,Journée 2,FC Augsburg,Mainz 05,0,2,3,3,44,56
Bundesliga 2,Journée 3,FC Augsburg,Borussia Mönchengladbach,0,0,2,2,50,50
Bundesliga 2,Journée 3,Hannover 96,Mainz 05,0,1,0,1,29,71
Bundesliga 2,Journée 3,Fc Köln,SC Paderborn,1,0,1,0,74,26
Bundesliga 2,Journée 3,Herta Berlin,Hamburger SV,2,1,2,1,60,40
Bundesliga 2,Journée 3,Union Berlin,FC Saint Pauli,0,1,1,1,67,33
Bundesliga 2,Journée 4,Fc Köln,Hamburger SV,2,0,4,0,36,64
Bundesliga 2,Journée 4,FC Augsburg,SC Paderborn,1,0,1,0,44,56
Bundesliga 2,Journée 4,Union Berlin,Mainz 05,0,0,2,2,49,51
Bundesliga 2,Journée 4,Borussia Mönchengladbach,FC Saint Pauli,2,2,2,2,36,64
Bundesliga 2,Journée 4,Hannover 96,Herta Berlin,1,1,6,2,47,53
Bundesliga 2,Journée 5,Hannover 96,FC Augsburg,0,0,0,0,44,56
Bundesliga 2,Journée 5,Borussia Mönchengladbach,Union Berlin,1,2,2,2,39,61
Bundesliga 2,Journée 5,Mainz 05,Hamburger SV,5,2,7,2,61,39
Bundesliga 2,Journée 5,FC Saint Pauli,Fc Köln,0,1,0,1,62,38
Bundesliga 2,Journée 5,Herta Berlin,SC Paderborn,0,0,1,1,46,54
Bundesliga 2,Journée 6,Hannover 96,Fc Köln,1,2,1,2,27,73
Bundesliga 2,Journée 6,Herta Berlin,Mainz 05,0,4,0,4,37,63
Bundesliga 2,Journée 6,Borussia Mönchengladbach,SC Paderborn,2,0,2,1,67,33
Bundesliga 2,Journée 6,Hamburger SV,Union Berlin,0,0,0,1,38,62
Bundesliga 2,Journée 6,FC Saint Pauli,FC Augsburg,0,0,0,1,57,43
Bundesliga 2,Journée 7,FC Saint Pauli,SC Paderborn,3,1,4,1,50,50
Bundesliga 2,Journée 7,Borussia Mönchengladbach,Mainz 05,0,0,1,0,20,80
Bundesliga 2,Journée 7,Herta Berlin,Fc Köln,0,0,1,2,34,66
Bundesliga 2,Journée 7,Hannover 96,Hamburger SV,1,2,2,3,48,52
Bundesliga 2,Journée 7,Union Berlin,FC Augsburg,0,0,1,0,42,58
Bundesliga 2,Journée 8,Borussia Mönchengladbach,Hamburger SV,0,2,1,3,60,40
Bundesliga 2,Journée 8,SC Paderborn,Union Berlin,0,0,0,0,34,66
Bundesliga 2,Journée 8,Hannover 96,FC Saint Pauli,0,1,1,2,47,53
Bundesliga 2,Journée 8,Fc Köln,Mainz 05,1,3,1,5,39,61
Bundesliga 2,Journée 8,FC Augsburg,Herta Berlin,1,0,3,0,68,32
Bundesliga 2,Journée 9,Fc Köln,FC Augsburg,0,0,2,2,48,52
Bundesliga 2,Journée 9,Hamburger SV,FC Saint Pauli,0,1,1,2,37,63
Bundesliga 2,Journée 9,Borussia Mönchengladbach,Herta Berlin,1,0,2,1,38,62
Bundesliga 2,Journée 9,SC Paderborn,Mainz 05,0,1,1,3,43,57
Bundesliga 2,Journée 9,Union Berlin,Hannover 96,0,0,0,0,81,19
Champions League,Qualifications,Bayer Leverkusen,Olympique de Marseille,2,1,3,3,36,64
Champions League,Qualifications,SL Benfica,Club Brugge,3,1,3,1,49,51
Champions League,Qualifications,PSV Eindhoven,Galatasaray,1,2,2,1,27,73
Champions League,Qualifications,Juventus Turin,Chelsea,3,2,4,2,57,43
Champions League,Huitièmes,Inter Milan,Manchester City,1,2,4,3,71,29
Champions League,Huitièmes,Galatasaray,FC Barcelone,3,4,3,4,62,38
Champions League,Huitièmes,Juventus Turin,PSG,1,4,3,4,67,33
Champions League,Huitièmes,SSC Napoli,Bayern Munich,0,7,3,7,47,53
Champions League,Huitièmes,Sporting CP,Real Madrid,2,3,3,4,47,53
Champions League,Huitièmes,Bayer Leverkusen,SL Benfica,0,1,2,1,64,36
Champions League,Huitièmes,Liverpool FC,Atlético Madrid,2,1,3,4,52,48
Champions League,Huitièmes,Arsenal,Borussia Dortmund,3,2,4,2,48,52
Champions League,Quarts,Manchester City,FC Barcelone,3,0,4,3,64,36
Champions League,Quarts,PSG,Bayern Munich,4,3,5,4,48,52
Champions League,Quarts,Real Madrid,SL Benfica,3,0,5,2,31,69
Champions League,Quarts,Liverpool FC,Arsenal,0,3,3,5,40,60
Champions League,Demies,Manchester City,PSG,2,3,2,3,57,43
Champions League,Demies,Real Madrid,Arsenal,3,4,5,4,54,46
Champions League,Finale,PSG,Arsenal,2,4,4,6,41,59
Championship,Journée 1,Brentford,Fulham FC,2,0,3,2,66,34
Championship,Journée 1,Burnley,West Ham,3,3,4,3,47,53
Championship,Journée 1,Wolverhampton,Tottenham,4,0,4,3,49,51
Championship,Journée 1,Everton FC,Leeds United,0,4,0,4,42,58
Championship,Journée 1,Sunderland,Nottingham Forest,2,2,2,4,74,26
Championship,Journée 2,Sunderland,Wolverhampton,1,2,4,3,57,43
Championship,Journée 2,Everton FC,Brentford,3,2,4,3,70,30
Championship,Journée 2,Nottingham Forest,West Ham,2,1,3,1,64,36
Championship,Journée 2,Burnley,Leeds United,0,3,1,3,27,73
Championship,Journée 2,Fulham FC,Tottenham,0,2,1,3,50,50
Championship,Journée 3,Brentford,Nottingham Forest,0,0,0,1,40,60
Championship,Journée 3,Tottenham,Burnley,6,1,8,2,47,53
Championship,Journée 3,Leeds United,Sunderland,2,1,3,2,39,61
Championship,Journée 3,Wolverhampton,Fulham FC,0,0,0,1,28,72
Championship,Journée 3,West Ham,Everton FC,0,0,1,1,48,52
Championship,Journée 4,Sunderland,Tottenham,0,1,2,3,46,54
Championship,Journée 4,Nottingham Forest,Leeds United,1,0,3,2,41,59
Championship,Journée 4,Fulham FC,Burnley,2,3,2,3,71,29
Championship,Journée 4,Brentford,West Ham,0,2,2,4,63,37
Championship,Journée 4,Wolverhampton,Everton FC,2,2,3,2,62,38
Championship,Journée 5,Burnley,Wolverhampton,0,2,2,2,56,44
Championship,Journée 5,Fulham FC,Everton FC,1,1,1,1,69,31
Championship,Journée 5,West Ham,Sunderland,0,2,0,2,37,63
Championship,Journée 5,Nottingham Forest,Tottenham,0,0,2,4,52,48
Championship,Journée 5,Brentford,Leeds United,1,1,1,2,57,43
Championship,Journée 6,West Ham,Fulham FC,2,0,4,1,64,36
Championship,Journée 6,Nottingham Forest,Wolverhampton,4,1,5,3,43,57
Championship,Journée 6,Leeds United,Tottenham,0,0,0,1,36,64
Championship,Journée 6,Burnley,Brentford,1,0,3,3,54,46
Championship,Journée 6,Everton FC,Sunderland,1,1,2,1,24,76
Championship,Journée 7,Leeds United,West Ham,0,0,2,3,57,43
Championship,Journée 7,Everton FC,Tottenham,0,2,2,2,30,70
Championship,Journée 7,Nottingham Forest,Burnley,4,1,6,1,69,31
Championship,Journée 7,Fulham FC,Sunderland,3,2,3,4,44,56
Championship,Journée 7,Wolverhampton,Brentford,1,1,3,1,34,66
Championship,Journée 8,Everton FC,Burnley,3,0,4,1,62,38
Championship,Journée 8,Tottenham,West Ham,2,1,4,1,50,50
Championship,Journée 8,Nottingham Forest,Fulham FC,5,0,5,2,70,30
Championship,Journée 8,Sunderland,Brentford,4,1,4,2,63,37
Championship,Journée 8,Leeds United,Wolverhampton,1,0,1,0,50,50
Championship,Journée 9,Leeds United,Fulham FC,0,3,2,5,66,34
Championship,Journée 9,Tottenham,Brentford,1,2,2,2,60,40
Championship,Journée 9,Sunderland,Burnley,0,0,0,0,70,30
Championship,Journée 9,Wolverhampton,West Ham,1,0,2,2,61,39
Championship,Journée 9,Everton FC,Nottingham Forest,0,1,2,4,47,53
Copa del Rey,Qualifications,RCD Mallorca,Elche CF,0,1,0,2,34,66
Copa del Rey,Qualifications,Séville FC,Real Oviedo,1,0,1,1,90,10
Copa del Rey,Qualifications,UD Levante,Rayo Vallecano,0,2,2,4,41,59
Copa del Rey,Qualifications,CA Osasuna,Deportivo Alavés,0,2,0,2,54,46
Copa del Rey,Huitièmes,Real Madrid,Valence FC,6,0,7,0,59,41
Copa del Rey,Huitièmes,Real Betis,Séville FC,1,2,3,2,70,30
Copa del Rey,Huitièmes,Athletic Bilbao,Elche CF,2,0,4,0,49,51
Copa del Rey,Huitièmes,Villareal,Celta Vigo,2,1,2,1,64,36
Copa del Rey,Huitièmes,Getafe,Atlético Madrid,1,2,1,3,31,69
Copa del Rey,Huitièmes,FC Barcelone,Girona FC,6,2,8,2,53,47
Copa del Rey,Huitièmes,Espanyol Barcelona,Rayo Vallecano,2,3,2,3,27,73
Copa del Rey,Huitièmes,Deportivo Alavés,Real Sociedad,1,3,2,4,52,48
Copa del Rey,Quarts,Real Madrid,Séville FC,5,3,6,3,58,42
Copa del Rey,Quarts,Athletic Bilbao,Villareal,2,0,5,1,56,44
Copa del Rey,Quarts,Atlético Madrid,FC Barcelone,2,3,2,2,83,17
Copa del Rey,Quarts,Rayo Vallecano,Real Sociedad,1,3,2,3,60,40
Copa del Rey,Demies,Real Madrid,Athletic Bilbao,3,1,5,3,43,57
Copa del Rey,Demies,FC Barcelone,Real Sociedad,4,0,7,1,61,39
Copa del Rey,Finale,Real Madrid,FC Barcelone,4,3,4,5,52,48
Coppa Italia,Qualifications,Torino FC,Pisa SC,2,1,2,1,67,33
Coppa Italia,Qualifications,US Sassuolo,US Lecce,1,2,3,2,63,37
Coppa Italia,Qualifications,Genoa CFC,Cagliari Calcio,1,0,1,1,62,38
Coppa Italia,Qualifications,Hellas Verona,Parma Calcio,1,2,2,2,47,53
Coppa Italia,Huitièmes,Juventus Turin,Genoa CFC,2,0,3,0,54,46
Coppa Italia,Huitièmes,Inter Milan,Parma Calcio,7,1,9,1,74,26
Coppa Italia,Huitièmes,FC Bologna,Torino FC,0,1,2,2,60,40
Coppa Italia,Huitièmes,US Cremonese,US Lecce,2,0,2,1,44,56
Coppa Italia,Huitièmes,Atalanta,Como,0,3,3,3,38,62
Coppa Italia,Huitièmes,Udinese Calcio,AS Roma,0,4,0,6,58,42
Coppa Italia,Huitièmes,Lazio Rome,Fiorentina,2,1,2,2,60,40
Coppa Italia,Huitièmes,AC Milan,SSC Napoli,4,2,4,3,29,71
Coppa Italia,Quarts,Juventus Turin,Inter Milan,3,1,4,3,40,60
Coppa Italia,Quarts,Torino FC,US Cremonese,3,1,3,2,38,62
Coppa Italia,Quarts,Como,AS Roma,1,0,1,1,58,42
Coppa Italia,Quarts,Lazio Rome,AC Milan,1,3,3,5,59,41
Coppa Italia,Demies,Juventus Turin,Torino FC,6,0,6,1,53,47
Coppa Italia,Demies,Como,AC Milan,0,4,0,4,64,36
Coppa Italia,Finale,Juventus Turin,AC Milan,5,1,7,2,61,39
Coupe de France,Qualifications,FC Nantes,AS Saint-Etienne,1,0,0,0,73,27
Coupe de France,Qualifications,Uchiha Palaiseau,Angers SCO,0,1,1,1,26,74
Coupe de France,Qualifications,AS Anus,SO Millau,1,0,2,0,73,27
Coupe de France,Qualifications,Rodez AF,Plouzané AC,0,1,0,1,49,51
Coupe de France,Huitièmes,AS Monaco,FC Nantes,5,0,5,0,68,32
Coupe de France,Huitièmes,Angers SCO,Strasbourg,0,2,1,4,68,32
Coupe de France,Huitièmes,LOSC,Red Star FC,2,0,3,0,67,33
Coupe de France,Huitièmes,Olympique de Marseille,Plouzané AC,2,0,3,0,64,36
Coupe de France,Huitièmes,PSG,Toulouse FC,7,1,8,1,71,29
Coupe de France,Huitièmes,Stade Rennais,Olympique Lyonnais,1,0,1,2,39,61
Coupe de France,Huitièmes,AS Anus,RC Lens,0,4,0,5,24,76
Coupe de France,Huitièmes,Plouhinec FC,FC Lorient,0,1,1,0,50,50
Coupe de France,Quarts,AS Monaco,Strasbourg,3,1,4,4,57,43
Coupe de France,Quarts,LOSC,Olympique de Marseille,0,1,1,6,29,71
Coupe de France,Quarts,PSG,Stade Rennais,4,0,6,1,40,60
Coupe de France,Quarts,RC Lens,FC Lorient,2,1,4,2,52,48
Coupe de France,Demies,AS Monaco,Olympique de Marseille,1,3,3,4,50,50
Coupe de France,Demies,PSG,RC Lens,10,2,11,2,56,44
Coupe de France,Finale,Olympique de Marseille,PSG,2,6,3,7,57,43
Croky Cup,Qualifications,Sporting Charleroi,Standard de Liège,0,1,1,1,57,43
Croky Cup,Qualifications,KVC Westerlo,KV Mechelen,1,0,1,0,76,24
Croky Cup,Quarts,Standard de Liège,Royal Anterwerp FC,2,1,2,1,40,60
Croky Cup,Quarts,Club Brugge,Union Saint-Gilloise,0,2,0,5,66,34
Croky Cup,Quarts,KRC Genk,KVC Westerlo,0,1,0,2,43,57
Croky Cup,Quarts,RSC Anderlecht,KAA La Gantoise,0,1,0,2,33,67
Croky Cup,Demies,Standard de Liège,Union Saint-Gilloise,2,1,2,2,37,63
Croky Cup,Demies,KVC Westerlo,KAA La Gantoise,0,2,0,2,61,39
Croky Cup,Finale,Standard de Liège,KAA La Gantoise,1,0,1,1,64,36
DFB-Pokal,Qualifications,SC Paderborn,FC Augsburg,0,1,0,1,31,69
DFB-Pokal,Qualifications,Herta Berlin,Fc Köln,0,3,0,4,19,81
DFB-Pokal,Qualifications,Hannover 96,Union Berlin,2,3,2,4,39,61
DFB-Pokal,Qualifications,Hamburger SV,FC Saint Pauli,1,2,3,4,37,63
DFB-Pokal,Huitièmes,Borussia Dortmund,Borussia Mönchengladbach,5,0,8,1,70,30
DFB-Pokal,Huitièmes,Mainz 05,FC Augsburg,2,1,2,2,51,49
DFB-Pokal,Huitièmes,Fc Köln,Vfb Stuttgart,0,1,0,0,60,40
DFB-Pokal,Huitièmes,Wolfsburg,Union Berlin,0,1,0,2,32,68
DFB-Pokal,Huitièmes,RB Leipzig,SC Fribourg,1,0,2,1,40,60
DFB-Pokal,Huitièmes,Eintracht Francfort,Hoffenheim,1,2,4,2,42,58
DFB-Pokal,Huitièmes,Werder Bremen,FC Saint Pauli,2,1,2,1,39,61
DFB-Pokal,Huitièmes,Bayern Munich,Bayer Leverkusen,3,1,3,1,50,50
DFB-Pokal,Quarts,Borussia Dortmund,Mainz 05,1,0,1,0,61,39
DFB-Pokal,Quarts,Vfb Stuttgart,Union Berlin,2,1,2,1,64,36
DFB-Pokal,Quarts,RB Leipzig,Hoffenheim,3,1,4,2,70,30
DFB-Pokal,Quarts,Werder Bremen,Bayern Munich,1,8,2,9,52,48
DFB-Pokal,Demies,Borussia Dortmund,Vfb Stuttgart,4,0,4,3,47,53
DFB-Pokal,Demies,RB Leipzig,Bayern Munich,0,2,0,3,31,69
DFB-Pokal,Finale,Borussia Dortmund,Bayern Munich,2,4,3,5,46,54
Eredivisie,Journée 1,PSV Eindhoven,FC Utrecht,1,1,6,2,58,42
Eredivisie,Journée 1,GO Ahead Eagles,Feynenoord Rotterdam,0,2,2,5,56,44
Eredivisie,Journée 1,FC Groningen,FC Twente,0,1,0,2,57,43
Eredivisie,Journée 1,SC Heerenveen,Sparta Rotterdam,0,1,1,2,51,49
Eredivisie,Journée 1,Ajax Amsterdam,AZ Alkmaar,1,0,1,0,17,83
Eredivisie,Journée 2,AZ Alkmaar,FC Groningen,3,0,7,1,52,48
Eredivisie,Journée 2,SC Heerenveen,FC Utrecht,1,4,1,4,54,46
Eredivisie,Journée 2,Feynenoord Rotterdam,Ajax Amsterdam,2,0,2,0,19,81
Eredivisie,Journée 2,Sparta Rotterdam,FC Twente,0,2,0,2,21,79
Eredivisie,Journée 2,GO Ahead Eagles,PSV Eindhoven,0,0,0,0,34,66
Eredivisie,Journée 3,GO Ahead Eagles,Sparta Rotterdam,1,0,2,1,46,54
Eredivisie,Journée 3,FC Twente,PSV Eindhoven,2,3,2,3,51,49
Eredivisie,Journée 3,Ajax Amsterdam,FC Groningen,1,1,3,1,64,36
Eredivisie,Journée 3,Feynenoord Rotterdam,SC Heerenveen,2,1,3,1,50,50
Eredivisie,Journée 3,FC Utrecht,AZ Alkmaar,3,1,3,2,43,57
Eredivisie,Journée 4,PSV Eindhoven,Feynenoord Rotterdam,2,1,2,2,51,49
Eredivisie,Journée 4,Ajax Amsterdam,GO Ahead Eagles,0,0,0,0,49,51
Eredivisie,Journée 4,SC Heerenveen,FC Groningen,2,0,2,0,49,51
Eredivisie,Journée 4,FC Twente,FC Utrecht,2,1,4,1,31,69
Eredivisie,Journée 4,Sparta Rotterdam,AZ Alkmaar,1,1,1,2,18,82
Eredivisie,Journée 5,FC Twente,Ajax Amsterdam,1,3,2,3,57,43
Eredivisie,Journée 5,GO Ahead Eagles,SC Heerenveen,1,0,2,0,46,54
Eredivisie,Journée 5,FC Utrecht,Feynenoord Rotterdam,0,1,1,3,61,39
Eredivisie,Journée 5,Sparta Rotterdam,FC Groningen,1,1,4,1,31,69
Eredivisie,Journée 5,AZ Alkmaar,PSV Eindhoven,1,0,1,0,43,57
Eredivisie,Journée 6,FC Utrecht,FC Groningen,4,0,5,1,64,36
Eredivisie,Journée 6,SC Heerenveen,Ajax Amsterdam,0,2,0,2,62,38
Eredivisie,Journée 6,GO Ahead Eagles,AZ Alkmaar,0,2,0,4,68,32
Eredivisie,Journée 6,PSV Eindhoven,Sparta Rotterdam,5,0,6,0,68,32
Eredivisie,Journée 6,Feynenoord Rotterdam,FC Twente,2,1,3,3,34,66
Eredivisie,Journée 7,PSV Eindhoven,FC Groningen,2,0,3,0,56,44
Eredivisie,Journée 7,FC Twente,GO Ahead Eagles,2,0,4,0,49,51
Eredivisie,Journée 7,SC Heerenveen,AZ Alkmaar,2,4,2,4,19,81
Eredivisie,Journée 7,Sparta Rotterdam,Feynenoord Rotterdam,0,5,0,7,54,46
Eredivisie,Journée 7,Ajax Amsterdam,FC Utrecht,1,0,2,0,58,42
Eredivisie,Journée 8,FC Groningen,Feynenoord Rotterdam,0,3,0,3,30,70
Eredivisie,Journée 8,SC Heerenveen,PSV Eindhoven,0,1,0,3,38,62
Eredivisie,Journée 8,Ajax Amsterdam,Sparta Rotterdam,2,2,3,3,57,43
Eredivisie,Journée 8,FC Utrecht,GO Ahead Eagles,2,1,3,1,57,43
Eredivisie,Journée 8,FC Twente,AZ Alkmaar,1,2,1,2,29,71
Eredivisie,Journée 9,Ajax Amsterdam,PSV Eindhoven,1,0,1,0,50,50
Eredivisie,Journée 9,FC Twente,SC Heerenveen,1,1,2,1,56,44
Eredivisie,Journée 9,AZ Alkmaar,Feynenoord Rotterdam,2,3,2,4,72,28
Eredivisie,Journée 9,FC Utrecht,Sparta Rotterdam,1,0,2,0,58,42
Eredivisie,Journée 9,GO Ahead Eagles,FC Groningen,0,0,0,0,67,33
Europa League,Qualifications,AZ Alkmaar,RSC Anderlecht,2,0,5,0,72,28
Europa League,Qualifications,Ajax Amsterdam,SC Braga,1,0,3,2,50,50
Europa League,Qualifications,AS Monaco,Besiktas JK,4,0,4,0,53,47
Europa League,Qualifications,Trabzonspor,Union Saint-Gilloise,1,0,1,0,32,68
Europa League,Huitièmes,Athletic Bilbao,Olympique Lyonnais,4,0,6,1,53,47
Europa League,Huitièmes,AZ Alkmaar,Ajax Amsterdam,0,1,2,1,49,51
Europa League,Huitièmes,KRC Genk,Trabzonspor,2,1,3,2,24,76
Europa League,Huitièmes,Fenerbahce,Club Brugge,4,1,4,2,51,49
Europa League,Huitièmes,AC Milan,RB Leipzig,0,2,1,4,50,50
Europa League,Huitièmes,Feynenoord Rotterdam,Chelsea,0,3,0,5,32,68
Europa League,Huitièmes,PSV Eindhoven,AS Monaco,1,0,4,0,68,32
Europa League,Huitièmes,Olympique de Marseille,FC Porto,2,1,4,2,67,33
Europa League,Quarts,Athletic Bilbao,Ajax Amsterdam,3,0,3,0,53,47
Europa League,Quarts,KRC Genk,Fenerbahce,0,2,1,4,62,38
Europa League,Quarts,RB Leipzig,Chelsea,2,1,1,2,61,39
Europa League,Quarts,PSV Eindhoven,Olympique de Marseille,0,2,1,3,58,42
Europa League,Demies,Athletic Bilbao,Fenerbahce,2,0,2,2,48,52
Europa League,Demies,RB Leipzig,Olympique de Marseille,2,1,2,4,30,70
Europa League,Finale,Athletic Bilbao,RB Leipzig,0,2,2,2,36,64
FA Cup,Qualifications,Leeds United,Burnley,2,1,2,2,42,58
FA Cup,Qualifications,West Ham,Sunderland,1,0,1,0,28,72
FA Cup,Qualifications,Wolverhampton,Nottingham Forest,1,2,3,1,53,47
FA Cup,Qualifications,Fulham FC,Everton FC,1,0,1,0,49,51
FA Cup,Huitièmes,West Ham,Brentford,3,2,3,3,39,61
FA Cup,Huitièmes,Brighton,Manchester City,0,6,0,7,42,58
FA Cup,Huitièmes,Chelsea,Arsenal,0,4,2,4,34,66
FA Cup,Huitièmes,Leeds United,Fulham FC,0,1,0,1,46,54
FA Cup,Huitièmes,Tottenham,Newcastle,2,0,4,1,44,56
FA Cup,Huitièmes,Crystal Palace,Nottingham Forest,0,2,1,3,50,50
FA Cup,Huitièmes,Bournemouth,Manchester United,2,3,2,3,59,41
FA Cup,Huitièmes,Liverpool FC,Aston Villa,1,2,1,2,68,32
FA Cup,Quarts,West Ham,Manchester City,1,4,2,6,29,71
FA Cup,Quarts,Arsenal,Fulham FC,3,0,4,1,73,27
FA Cup,Quarts,Tottenham,Nottingham Forest,2,4,3,5,47,53
FA Cup,Quarts,Manchester United,Aston Villa,3,5,5,6,56,44
FA Cup,Demies,Manchester City,Arsenal,2,5,3,6,50,50
FA Cup,Demies,Nottingham Forest,Aston Villa,1,4,4,6,41,59
FA Cup,Finale,Arsenal,Aston Villa,6,0,7,1,54,46
Jupiler Pro League,Journée 1,KAA La Gantoise,RSC Anderlecht,1,1,1,2,53,47
Jupiler Pro League,Journée 1,KRC Genk,KV Mechelen,3,0,4,0,49,51
Jupiler Pro League,Journée 1,Standard de Liège,Royal Anterwerp FC,1,1,2,3,39,61
Jupiler Pro League,Journée 1,Sporting Charleroi,Club Brugge,1,0,1,0,70,30
Jupiler Pro League,Journée 1,Union Saint-Gilloise,KVC Westerlo,0,1,0,1,57,43
Jupiler Pro League,Journée 2,RSC Anderlecht,Standard de Liège,0,0,1,1,37,63
Jupiler Pro League,Journée 2,KV Mechelen,Sporting Charleroi,2,1,2,1,34,66
Jupiler Pro League,Journée 2,Union Saint-Gilloise,Club Brugge,1,1,2,1,67,33
Jupiler Pro League,Journée 2,KVC Westerlo,KRC Genk,0,1,0,1,49,51
Jupiler Pro League,Journée 2,Royal Anterwerp FC,KAA La Gantoise,0,1,1,1,49,51
Jupiler Pro League,Journée 3,Union Saint-Gilloise,KV Mechelen,2,0,4,1,67,33
Jupiler Pro League,Journée 3,Club Brugge,Standard de Liège,2,1,3,2,36,64
Jupiler Pro League,Journée 3,Royal Anterwerp FC,Sporting Charleroi,0,0,0,0,27,73
Jupiler Pro League,Journée 3,KAA La Gantoise,KRC Genk,0,2,0,2,54,46
Jupiler Pro League,Journée 3,RSC Anderlecht,KVC Westerlo,2,3,3,4,24,76
Jupiler Pro League,Journée 4,KAA La Gantoise,Standard de Liège,3,0,3,1,51,49
Jupiler Pro League,Journée 4,KVC Westerlo,Royal Anterwerp FC,0,0,1,0,66,34
Jupiler Pro League,Journée 4,KV Mechelen,Club Brugge,1,1,2,2,20,80
Jupiler Pro League,Journée 4,RSC Anderlecht,Sporting Charleroi,0,1,1,2,47,53
Jupiler Pro League,Journée 4,KRC Genk,Union Saint-Gilloise,1,1,2,2,47,53
Jupiler Pro League,Journée 5,KAA La Gantoise,KV Mechelen,1,0,1,1,53,47
Jupiler Pro League,Journée 5,Club Brugge,Royal Anterwerp FC,2,1,3,1,34,66
Jupiler Pro League,Journée 5,RSC Anderlecht,Union Saint-Gilloise,1,1,2,1,36,64
Jupiler Pro League,Journée 5,KRC Genk,Sporting Charleroi,2,0,3,1,41,59
Jupiler Pro League,Journée 5,KVC Westerlo,Standard de Liège,2,1,2,1,60,40
Jupiler Pro League,Journée 6,KRC Genk,RSC Anderlecht,1,1,1,1,62,38
Jupiler Pro League,Journée 6,KVC Westerlo,Club Brugge,0,0,2,1,78,22
Jupiler Pro League,Journée 6,Union Saint-Gilloise,Standard de Liège,1,1,2,2,69,31
Jupiler Pro League,Journée 6,KAA La Gantoise,Sporting Charleroi,0,0,1,1,40,60
Jupiler Pro League,Journée 6,Royal Anterwerp FC,KV Mechelen,4,1,4,3,58,42
Jupiler Pro League,Journée 7,KVC Westerlo,Sporting Charleroi,0,0,3,0,46,54
Jupiler Pro League,Journée 7,Union Saint-Gilloise,KAA La Gantoise,1,0,1,0,44,56
Jupiler Pro League,Journée 7,RSC Anderlecht,Club Brugge,0,4,1,6,67,33
Jupiler Pro League,Journée 7,KRC Genk,Royal Anterwerp FC,0,0,0,0,70,30
Jupiler Pro League,Journée 7,KV Mechelen,Standard de Liège,0,2,2,2,46,54
Jupiler Pro League,Journée 8,KV Mechelen,KVC Westerlo,0,2,0,2,33,67
Jupiler Pro League,Journée 8,Union Saint-Gilloise,Sporting Charleroi,2,0,2,0,67,33
Jupiler Pro League,Journée 8,RSC Anderlecht,Royal Anterwerp FC,0,0,0,0,54,46
Jupiler Pro League,Journée 8,KRC Genk,Standard de Liège,0,2,0,3,58,42
Jupiler Pro League,Journée 8,Club Brugge,KAA La Gantoise,0,1,1,1,39,61
Jupiler Pro League,Journée 9,Royal Anterwerp FC,Union Saint-Gilloise,1,0,1,0,42,58
Jupiler Pro League,Journée 9,KRC Genk,Club Brugge,2,1,2,1,44,56
Jupiler Pro League,Journée 9,RSC Anderlecht,KV Mechelen,2,2,3,2,48,52
Jupiler Pro League,Journée 9,KVC Westerlo,KAA La Gantoise,0,0,1,1,52,48
Jupiler Pro League,Journée 9,Standard de Liège,Sporting Charleroi,1,1,1,1,42,58
KNVB Beker,Qualifications,SC Heerenveen,Sparta Rotterdam,1,0,1,0,22,78
KNVB Beker,Qualifications,GO Ahead Eagles,FC Twente,0,1,1,2,46,54
KNVB Beker,Quarts,Feynenoord Rotterdam,FC Groningen,4,0,6,0,61,39
KNVB Beker,Quarts,FC Utrecht,PSV Eindhoven,3,1,3,3,43,57
KNVB Beker,Quarts,AZ Alkmaar,FC Twente,2,0,2,0,52,48
KNVB Beker,Quarts,SC Heerenveen,Ajax Amsterdam,1,3,4,3,58,42
KNVB Beker,Demies,Feynenoord Rotterdam,FC Utrecht,1,0,3,0,24,76
KNVB Beker,Demies,AZ Alkmaar,Ajax Amsterdam,0,1,1,2,42,58
KNVB Beker,Finale,Feynenoord Rotterdam,Ajax Amsterdam,3,2,3,4,53,47
Liga,Journée 1,FC Barcelone,Villareal,3,2,5,2,36,64
Liga,Journée 1,Getafe,Real Sociedad,1,0,2,0,50,50
Liga,Journée 1,Atlético Madrid,Athletic Bilbao,2,2,4,2,57,43
Liga,Journée 1,Real Betis,Girona FC,0,2,3,3,58,42
Liga,Journée 1,Real Madrid,Valence FC,4,0,6,0,53,47
Liga,Journée 2,FC Barcelone,Athletic Bilbao,2,2,7,5,40,60
Liga,Journée 2,Girona FC,Getafe,2,1,3,2,42,58
Liga,Journée 2,Villareal,Real Betis,0,2,1,3,41,59
Liga,Journée 2,Real Madrid,Real Sociedad,4,0,4,1,62,38
Liga,Journée 2,Valence FC,Atlético Madrid,1,2,2,5,23,77
Liga,Journée 3,Valence FC,Girona FC,1,1,2,2,48,52
Liga,Journée 3,Real Madrid,Villareal,9,1,11,3,64,36
Liga,Journée 3,Real Sociedad,Athletic Bilbao,2,1,2,2,60,40
Liga,Journée 3,Atlético Madrid,Real Betis,2,1,4,1,71,29
Liga,Journée 3,Getafe,FC Barcelone,0,1,1,6,38,62
Liga,Journée 4,Real Betis,Real Sociedad,0,2,1,2,40,60
Liga,Journée 4,FC Barcelone,Atlético Madrid,2,2,4,2,53,47
Liga,Journée 4,Girona FC,Real Madrid,0,7,1,9,48,52
Liga,Journée 4,Villareal,Getafe,3,1,4,1,44,56
Liga,Journée 4,Athletic Bilbao,Valence FC,3,0,6,5,32,68
Liga,Journée 5,Atlético Madrid,Getafe,2,1,3,2,53,47
Liga,Journée 5,FC Barcelone,Real Sociedad,1,0,5,1,46,54
Liga,Journée 5,Girona FC,Athletic Bilbao,1,1,2,4,42,58
Liga,Journée 5,Real Betis,Real Madrid,1,4,1,6,46,54
Liga,Journée 5,Valence FC,Villareal,1,0,2,0,32,68
Liga,Journée 6,Girona FC,Real Sociedad,1,2,4,3,33,67
Liga,Journée 6,Athletic Bilbao,Real Betis,2,1,3,3,56,44
Liga,Journée 6,FC Barcelone,Real Madrid,2,3,6,3,49,51
Liga,Journée 6,Atlético Madrid,Villareal,4,1,4,1,58,42
Liga,Journée 6,Valence FC,Getafe,0,1,3,1,50,50
Liga,Journée 7,Real Betis,Valence FC,1,1,3,2,62,38
Liga,Journée 7,Atlético Madrid,Real Sociedad,4,1,5,1,57,43
Liga,Journée 7,Villareal,Athletic Bilbao,0,2,1,2,67,33
Liga,Journée 7,FC Barcelone,Girona FC,4,1,8,2,36,64
Liga,Journée 7,Real Madrid,Getafe,9,0,9,2,51,49
Liga,Journée 8,Athletic Bilbao,Getafe,4,1,7,3,60,40
Liga,Journée 8,Valence FC,Real Sociedad,0,1,0,2,70,30
Liga,Journée 8,FC Barcelone,Real Betis,4,1,8,2,43,57
Liga,Journée 8,Real Madrid,Atlético Madrid,3,0,6,3,44,56
Liga,Journée 8,Girona FC,Villareal,3,1,3,2,44,56
Liga,Journée 9,Getafe,Real Betis,1,1,1,4,39,61
Liga,Journée 9,Valence FC,FC Barcelone,1,7,4,7,61,39
Liga,Journée 9,Villareal,Real Sociedad,0,1,7,3,59,41
Liga,Journée 9,Girona FC,Atlético Madrid,1,3,1,4,34,66
Liga,Journée 9,Real Madrid,Athletic Bilbao,5,2,6,2,47,53
Liga 2,Journée 1,Séville FC,Espanyol Barcelona,1,0,3,0,44,56
Liga 2,Journée 1,Rayo Vallecano,Celta Vigo,1,0,3,3,39,61
Liga 2,Journée 1,RCD Mallorca,Deportivo Alavés,1,1,1,2,51,49
Liga 2,Journée 1,Elche CF,Real Oviedo,0,1,1,1,53,47
Liga 2,Journée 1,UD Levante,CA Osasuna,0,1,1,4,48,52
Liga 2,Journée 2,Séville FC,UD Levante,0,2,2,3,41,59
Liga 2,Journée 2,Deportivo Alavés,CA Osasuna,0,2,0,2,51,49
Liga 2,Journée 2,Real Oviedo,Espanyol Barcelona,2,2,2,3,77,23
Liga 2,Journée 2,Celta Vigo,RCD Mallorca,1,1,1,2,41,59
Liga 2,Journée 2,Rayo Vallecano,Elche CF,0,0,0,1,61,39
Liga 2,Journée 3,Deportivo Alavés,Celta Vigo,0,2,0,2,54,46
Liga 2,Journée 3,UD Levante,Rayo Vallecano,1,1,1,3,27,73
Liga 2,Journée 3,Elche CF,Séville FC,0,4,0,5,53,47
Liga 2,Journée 3,Espanyol Barcelona,RCD Mallorca,1,1,2,1,46,54
Liga 2,Journée 3,Real Oviedo,CA Osasuna,1,0,1,0,49,51
Liga 2,Journée 4,UD Levante,Deportivo Alavés,2,0,3,0,51,49
Liga 2,Journée 4,Espanyol Barcelona,CA Osasuna,1,2,2,2,56,44
Liga 2,Journée 4,RCD Mallorca,Séville FC,1,1,2,1,33,67
Liga 2,Journée 4,Elche CF,Celta Vigo,0,1,1,1,51,49
Liga 2,Journée 4,Real Oviedo,Rayo Vallecano,1,2,2,4,51,49
Liga 2,Journée 5,UD Levante,Celta Vigo,2,2,2,2,64,36
Liga 2,Journée 5,Séville FC,Rayo Vallecano,0,1,0,3,44,56
Liga 2,Journée 5,Espanyol Barcelona,Elche CF,1,0,1,0,28,72
Liga 2,Journée 5,Real Oviedo,Deportivo Alavés,2,2,3,3,60,40
Liga 2,Journée 5,RCD Mallorca,CA Osasuna,2,2,2,3,50,50
Liga 2,Journée 6,RCD Mallorca,Real Oviedo,4,0,7,1,44,56
Liga 2,Journée 6,Elche CF,UD Levante,1,2,1,3,69,31
Liga 2,Journée 6,Espanyol Barcelona,Celta Vigo,1,4,2,4,37,63
Liga 2,Journée 6,CA Osasuna,Séville FC,0,0,0,1,60,40
Liga 2,Journée 6,Rayo Vallecano,Deportivo Alavés,2,1,2,1,40,60
Liga 2,Journée 7,Celta Vigo,Real Oviedo,1,1,2,2,57,43
Liga 2,Journée 7,Elche CF,RCD Mallorca,1,0,1,1,42,58
Liga 2,Journée 7,CA Osasuna,Rayo Vallecano,2,0,3,2,58,42
Liga 2,Journée 7,Séville FC,Deportivo Alavés,1,1,4,3,59,41
Liga 2,Journée 7,UD Levante,Espanyol Barcelona,2,0,4,0,44,56
Liga 2,Journée 8,Séville FC,Real Oviedo,1,0,4,0,53,47
Liga 2,Journée 8,Celta Vigo,CA Osasuna,0,1,1,1,63,37
Liga 2,Journée 8,Elche CF,Deportivo Alavés,0,2,0,3,42,58
Liga 2,Journée 8,UD Levante,RCD Mallorca,0,0,1,1,49,51
Liga 2,Journée 8,Espanyol Barcelona,Rayo Vallecano,1,0,2,2,57,43
Liga 2,Journée 9,Real Oviedo,UD Levante,0,1,0,1,51,49
Liga 2,Journée 9,Espanyol Barcelona,Deportivo Alavés,2,1,2,2,41,59
Liga 2,Journée 9,Rayo Vallecano,RCD Mallorca,1,2,4,4,57,43
Liga 2,Journée 9,Séville FC,Celta Vigo,2,1,3,1,42,58
Liga 2,Journée 9,Elche CF,CA Osasuna,0,1,1,2,54,46
Liga Nos,Journée 1,Sporting CP,SL Benfica,0,1,1,1,41,59
Liga Nos,Journée 1,GD Estoril Praia,Gil Vicente,1,1,1,1,53,47
Liga Nos,Journée 1,CD Santa Clara,Vitória Guimarães SC,0,0,0,0,72,28
Liga Nos,Journée 1,FC Porto,Moreirense FC,3,1,4,1,60,40
Liga Nos,Journée 1,FC Famalicao,SC Braga,0,3,0,4,42,58
Liga Nos,Journée 2,SL Benfica,Gil Vicente,4,0,6,1,61,39
Liga Nos,Journée 2,GD Estoril Praia,FC Famalicao,1,0,1,1,60,40
Liga Nos,Journée 2,SC Braga,Sporting CP,0,1,1,1,32,68
Liga Nos,Journée 2,CD Santa Clara,Moreirense FC,0,1,1,3,54,46
Liga Nos,Journée 2,Vitória Guimarães SC,FC Porto,0,3,0,3,63,37
Liga Nos,Journée 3,Gil Vicente,FC Famalicao,2,0,3,0,33,67
Liga Nos,Journée 3,Sporting CP,Moreirense FC,3,1,3,1,59,41
Liga Nos,Journée 3,FC Porto,CD Santa Clara,2,0,4,0,51,49
Liga Nos,Journée 3,SC Braga,Vitória Guimarães SC,1,0,3,1,64,36
Liga Nos,Journée 3,SL Benfica,GD Estoril Praia,3,0,3,0,71,29
Liga Nos,Journée 4,SL Benfica,CD Santa Clara,5,0,5,1,64,36
Liga Nos,Journée 4,FC Porto,Gil Vicente,2,0,4,1,72,28
Liga Nos,Journée 4,SC Braga,GD Estoril Praia,5,0,6,1,59,41
Liga Nos,Journée 4,FC Famalicao,Moreirense FC,1,2,1,3,54,46
Liga Nos,Journée 4,Sporting CP,Vitória Guimarães SC,3,0,3,1,66,34
Liga Nos,Journée 5,Sporting CP,FC Famalicao,2,1,3,1,49,51
Liga Nos,Journée 5,GD Estoril Praia,FC Porto,0,2,0,3,24,76
Liga Nos,Journée 5,Moreirense FC,SL Benfica,1,2,1,2,38,62
Liga Nos,Journée 5,Vitória Guimarães SC,Gil Vicente,0,0,0,0,49,51
Liga Nos,Journée 5,CD Santa Clara,SC Braga,1,0,1,0,57,43
Liga Nos,Journée 6,SC Braga,Moreirense FC,3,1,3,1,56,44
Liga Nos,Journée 6,FC Famalicao,Vitória Guimarães SC,1,0,2,2,77,23
Liga Nos,Journée 6,GD Estoril Praia,Sporting CP,1,4,2,6,29,71
Liga Nos,Journée 6,SL Benfica,FC Porto,2,1,3,3,58,42
Liga Nos,Journée 6,Gil Vicente,CD Santa Clara,0,1,0,2,31,69
Liga Nos,Journée 7,FC Famalicao,CD Santa Clara,0,1,0,1,70,30
Liga Nos,Journée 7,GD Estoril Praia,Vitória Guimarães SC,0,1,0,2,36,64
Liga Nos,Journée 7,SL Benfica,SC Braga,2,0,2,3,61,39
Liga Nos,Journée 7,Sporting CP,FC Porto,1,2,2,2,48,52
Liga Nos,Journée 7,Gil Vicente,Moreirense FC,0,1,0,1,29,71
Liga Nos,Journée 8,Vitória Guimarães SC,SL Benfica,1,3,2,4,34,66
Liga Nos,Journée 8,CD Santa Clara,Sporting CP,0,2,0,6,71,29
Liga Nos,Journée 8,FC Famalicao,FC Porto,0,4,1,5,48,52
Liga Nos,Journée 8,GD Estoril Praia,Moreirense FC,3,1,3,1,40,60
Liga Nos,Journée 8,Gil Vicente,SC Braga,1,2,1,3,41,59
Liga Nos,Journée 9,SL Benfica,FC Famalicao,2,1,4,1,51,49
Liga Nos,Journée 9,Sporting CP,Gil Vicente,0,0,1,1,69,31
Liga Nos,Journée 9,Vitória Guimarães SC,Moreirense FC,0,1,0,1,14,86
Liga Nos,Journée 9,CD Santa Clara,GD Estoril Praia,1,0,1,0,60,40
Liga Nos,Journée 9,FC Porto,SC Braga,1,2,3,3,59,41
Ligue 1,Journée 1,Olympique Lyonnais,Strasbourg,0,2,0,3,44,56
Ligue 1,Journée 1,FC Lorient,Stade Rennais,0,1,0,1,44,56
Ligue 1,Journée 1,Toulouse FC,LOSC,1,0,1,1,57,43
Ligue 1,Journée 1,RC Lens,AS Monaco,3,2,3,3,41,59
Ligue 1,Journée 1,Olympique de Marseille,PSG,0,4,2,4,58,42
Ligue 1,Journée 2,Olympique Lyonnais,PSG,1,3,2,5,30,70
Ligue 1,Journée 2,Stade Rennais,Toulouse FC,2,0,2,0,46,54
Ligue 1,Journée 2,Olympique de Marseille,AS Monaco,0,3,1,3,51,49
Ligue 1,Journée 2,FC Lorient,LOSC,0,1,2,5,58,42
Ligue 1,Journée 2,RC Lens,Strasbourg,1,0,1,1,50,50
Ligue 1,Journée 3,Toulouse FC,AS Monaco,0,0,0,5,48,52
Ligue 1,Journée 3,Olympique Lyonnais,FC Lorient,0,0,0,0,17,83
Ligue 1,Journée 3,Stade Rennais,Olympique de Marseille,2,0,4,3,50,50
Ligue 1,Journée 3,RC Lens,LOSC,1,2,5,3,62,38
Ligue 1,Journée 3,PSG,Strasbourg,8,0,11,1,60,40
Ligue 1,Journée 4,RC Lens,Toulouse FC,3,1,3,1,54,46
Ligue 1,Journée 4,Olympique Lyonnais,Stade Rennais,0,1,0,3,34,66
Ligue 1,Journée 4,AS Monaco,Strasbourg,1,3,1,3,53,47
Ligue 1,Journée 4,FC Lorient,Olympique de Marseille,0,3,0,3,23,77
Ligue 1,Journée 4,LOSC,PSG,0,7,1,9,41,59
Ligue 1,Journée 5,PSG,Toulouse FC,10,0,11,0,47,53
Ligue 1,Journée 5,AS Monaco,Olympique Lyonnais,3,0,3,1,79,21
Ligue 1,Journée 5,Stade Rennais,LOSC,2,1,2,2,41,59
Ligue 1,Journée 5,Strasbourg,Olympique de Marseille,1,0,1,2,42,58
Ligue 1,Journée 5,RC Lens,FC Lorient,1,0,3,1,44,56
Ligue 1,Journée 6,Toulouse FC,FC Lorient,0,0,0,0,33,67
Ligue 1,Journée 6,RC Lens,Stade Rennais,2,1,2,2,72,28
Ligue 1,Journée 6,LOSC,Strasbourg,0,2,2,2,70,30
Ligue 1,Journée 6,Olympique Lyonnais,Olympique de Marseille,0,1,4,4,29,71
Ligue 1,Journée 6,AS Monaco,PSG,0,7,0,8,48,52
Ligue 1,Journée 7,FC Lorient,PSG,0,8,0,9,37,63
Ligue 1,Journée 7,Strasbourg,Stade Rennais,1,3,3,3,50,50
Ligue 1,Journée 7,Toulouse FC,Olympique Lyonnais,0,0,0,1,72,28
Ligue 1,Journée 7,RC Lens,Olympique de Marseille,0,1,1,3,51,49
Ligue 1,Journée 7,LOSC,AS Monaco,1,2,4,3,59,41
Ligue 1,Journée 8,Strasbourg,Toulouse FC,1,1,3,2,54,46
Ligue 1,Journée 8,PSG,Stade Rennais,7,1,11,1,60,40
Ligue 1,Journée 8,Olympique de Marseille,LOSC,1,1,1,1,59,41
Ligue 1,Journée 8,AS Monaco,FC Lorient,1,1,3,1,32,68
Ligue 1,Journée 8,RC Lens,Olympique Lyonnais,2,0,5,2,64,36
Ligue 1,Journée 9,FC Lorient,Strasbourg,0,4,2,4,39,61
Ligue 1,Journée 9,Olympique de Marseille,Toulouse FC,4,0,5,0,54,46
Ligue 1,Journée 9,AS Monaco,Stade Rennais,1,5,5,7,60,40
Ligue 1,Journée 9,RC Lens,PSG,1,3,2,4,74,26
Ligue 1,Journée 9,LOSC,Olympique Lyonnais,0,0,1,1,63,37
Ligue 2,Journée 1,Rodez AF,Red Star FC,0,0,0,0,52,48
Ligue 2,Journée 1,Plouzané AC,Angers SCO,1,2,1,2,43,57
Ligue 2,Journée 1,SO Millau,FC Nantes,1,2,2,2,33,67
Ligue 2,Journée 1,AS Anus,AS Saint-Etienne,1,0,1,0,62,38
Ligue 2,Journée 1,Plouhinec FC,Uchiha Palaiseau,1,0,2,0,41,59
Ligue 2,Journée 2,AS Anus,FC Nantes,0,0,0,0,19,81
Ligue 2,Journée 2,Plouzané AC,AS Saint-Etienne,0,0,0,1,24,76
Ligue 2,Journée 2,Red Star FC,SO Millau,0,0,0,0,72,28
Ligue 2,Journée 2,Plouhinec FC,Angers SCO,0,3,2,3,57,43
Ligue 2,Journée 2,Uchiha Palaiseau,Rodez AF,2,1,4,1,73,27
Ligue 2,Journée 3,Uchiha Palaiseau,FC Nantes,1,1,1,1,86,14
Ligue 2,Journée 3,Red Star FC,Angers SCO,0,1,0,1,36,64
Ligue 2,Journée 3,Plouzané AC,Rodez AF,1,1,1,1,44,56
Ligue 2,Journée 3,AS Saint-Etienne,SO Millau,1,1,1,2,62,38
Ligue 2,Journée 3,AS Anus,Plouhinec FC,0,0,1,1,41,59
Ligue 2,Journée 4,Rodez AF,Plouhinec FC,0,0,0,2,24,76
Ligue 2,Journée 4,SO Millau,Uchiha Palaiseau,1,0,1,1,14,86
Ligue 2,Journée 4,AS Anus,Angers SCO,0,2,1,4,78,22
Ligue 2,Journée 4,Plouzané AC,FC Nantes,3,0,3,1,54,46
Ligue 2,Journée 4,AS Saint-Etienne,Red Star FC,0,1,0,1,33,67
Ligue 2,Journée 5,AS Anus,Rodez AF,0,0,0,1,83,17
Ligue 2,Journée 5,Plouzané AC,Plouhinec FC,1,0,2,1,58,42
Ligue 2,Journée 5,AS Saint-Etienne,FC Nantes,0,0,0,0,29,71
Ligue 2,Journée 5,SO Millau,Angers SCO,1,3,2,3,51,49
Ligue 2,Journée 5,Uchiha Palaiseau,Red Star FC,0,0,0,0,66,34
Ligue 2,Journée 6,Plouzané AC,Uchiha Palaiseau,1,1,1,1,34,66
Ligue 2,Journée 6,AS Anus,Red Star FC,0,0,0,1,79,21
Ligue 2,Journée 6,Rodez AF,AS Saint-Etienne,0,0,0,0,56,44
Ligue 2,Journée 6,SO Millau,Plouhinec FC,0,0,0,1,12,88
Ligue 2,Journée 6,FC Nantes,Angers SCO,0,1,0,5,70,30
Ligue 2,Journée 7,Red Star FC,Plouhinec FC,0,0,0,1,48,52
Ligue 2,Journée 7,Plouzané AC,SO Millau,1,1,1,2,79,21
Ligue 2,Journée 7,AS Anus,Uchiha Palaiseau,0,2,1,2,66,34
Ligue 2,Journée 7,Rodez AF,FC Nantes,0,0,0,0,79,21
Ligue 2,Journée 7,AS Saint-Etienne,Angers SCO,0,3,0,4,27,73
Ligue 2,Journée 8,AS Saint-Etienne,Uchiha Palaiseau,0,0,0,0,38,62
Ligue 2,Journée 8,SO Millau,AS Anus,1,0,1,0,51,49
Ligue 2,Journée 8,Plouzané AC,Red Star FC,1,0,1,0,62,38
Ligue 2,Journée 8,FC Nantes,Plouhinec FC,0,1,0,2,34,66
Ligue 2,Journée 8,Angers SCO,Rodez AF,1,0,1,0,60,40
Ligue 2,Journée 9,Rodez AF,SO Millau,0,0,2,0,41,59
Ligue 2,Journée 9,Plouhinec FC,AS Saint-Etienne,1,1,2,1,59,41
Ligue 2,Journée 9,Red Star FC,FC Nantes,2,1,3,1,76,24
Ligue 2,Journée 9,Plouzané AC,AS Anus,0,0,1,1,54,46
Ligue 2,Journée 9,Uchiha Palaiseau,Angers SCO,0,2,0,2,33,67
Premier League,Journée 1,Aston Villa,Arsenal,0,3,1,7,52,48
Premier League,Journée 1,Newcastle,Crystal Palace,0,1,0,1,68,32
Premier League,Journée 1,Manchester City,Chelsea,5,1,8,1,57,43
Premier League,Journée 1,Manchester United,Bournemouth,0,2,3,4,46,54
Premier League,Journée 1,Brighton,Liverpool FC,2,3,2,3,58,42
Premier League,Journée 2,Manchester United,Aston Villa,1,6,6,9,33,67
Premier League,Journée 2,Brighton,Bournemouth,3,1,5,2,56,44
Premier League,Journée 2,Arsenal,Manchester City,1,0,2,1,33,67
Premier League,Journée 2,Chelsea,Newcastle,1,0,2,2,63,37
Premier League,Journée 2,Liverpool FC,Crystal Palace,1,2,3,4,50,50
Premier League,Journée 3,Bournemouth,Chelsea,3,3,4,5,47,53
Premier League,Journée 3,Aston Villa,Crystal Palace,3,2,5,3,47,53
Premier League,Journée 3,Arsenal,Liverpool FC,1,0,2,2,42,58
Premier League,Journée 3,Manchester United,Newcastle,2,4,3,5,42,58
Premier League,Journée 3,Brighton,Manchester City,0,2,1,3,32,68
Premier League,Journée 4,Manchester City,Manchester United,4,3,5,4,67,33
Premier League,Journée 4,Brighton,Crystal Palace,1,2,1,3,34,66
Premier League,Journée 4,Arsenal,Newcastle,4,1,8,2,42,58
Premier League,Journée 4,Bournemouth,Liverpool FC,0,2,1,3,53,47
Premier League,Journée 4,Aston Villa,Chelsea,3,1,3,3,38,62
Premier League,Journée 5,Crystal Palace,Manchester City,1,3,2,4,29,71
Premier League,Journée 5,Bournemouth,Aston Villa,1,4,2,5,56,44
Premier League,Journée 5,Liverpool FC,Newcastle,3,3,4,5,50,50
Premier League,Journée 5,Brighton,Arsenal,0,6,1,6,47,53
Premier League,Journée 5,Chelsea,Manchester United,2,3,5,4,63,37
Premier League,Journée 6,Brighton,Newcastle,0,1,0,3,39,61
Premier League,Journée 6,Aston Villa,Liverpool FC,2,0,6,3,43,57
Premier League,Journée 6,Bournemouth,Manchester City,2,2,2,2,68,32
Premier League,Journée 6,Chelsea,Crystal Palace,4,4,5,7,38,62
Premier League,Journée 6,Manchester United,Arsenal,1,8,4,12,43,57
Premier League,Journée 7,Brighton,Chelsea,2,3,4,7,44,56
Premier League,Journée 7,Arsenal,Crystal Palace,1,1,1,1,61,39
Premier League,Journée 7,Aston Villa,Manchester City,1,3,1,4,28,72
Premier League,Journée 7,Liverpool FC,Manchester United,2,2,2,3,63,37
Premier League,Journée 7,Bournemouth,Newcastle,1,1,2,2,46,54
Premier League,Journée 8,Manchester United,Brighton,0,1,0,2,48,52
Premier League,Journée 8,Crystal Palace,Bournemouth,0,0,3,0,43,57
Premier League,Journée 8,Chelsea,Arsenal,2,0,2,0,40,60
Premier League,Journée 8,Liverpool FC,Manchester City,0,2,2,5,53,47
Premier League,Journée 8,Aston Villa,Newcastle,3,3,5,4,41,59
Premier League,Journée 9,Chelsea,Liverpool FC,1,1,2,6,61,39
Premier League,Journée 9,Bournemouth,Arsenal,0,3,1,7,39,61
Premier League,Journée 9,Brighton,Aston Villa,1,2,2,3,62,38
Premier League,Journée 9,Manchester City,Newcastle,4,0,4,1,59,41
Premier League,Journée 9,Manchester United,Crystal Palace,3,2,3,4,43,57
Serie A,Journée 1,Como,SSC Napoli,2,6,4,8,36,64
Serie A,Journée 1,Fiorentina,Atalanta,3,0,3,1,56,44
Serie A,Journée 1,Juventus Turin,AS Roma,2,1,3,1,56,44
Serie A,Journée 1,Inter Milan,Lazio Rome,2,0,2,0,43,57
Serie A,Journée 1,AC Milan,FC Bologna,1,2,2,3,41,59
Serie A,Journée 2,AS Roma,SSC Napoli,1,5,2,6,43,57
Serie A,Journée 2,Juventus Turin,Fiorentina,0,2,5,3,52,48
Serie A,Journée 2,Lazio Rome,FC Bologna,1,1,2,1,41,59
Serie A,Journée 2,Atalanta,AC Milan,2,1,3,3,60,40
Serie A,Journée 2,Como,Inter Milan,1,1,3,2,20,80
Serie A,Journée 3,Atalanta,Lazio Rome,2,1,3,2,47,53
Serie A,Journée 3,SSC Napoli,FC Bologna,2,2,6,2,50,50
Serie A,Journée 3,Juventus Turin,Como,1,1,2,2,47,53
Serie A,Journée 3,Fiorentina,Inter Milan,0,2,1,2,18,82
Serie A,Journée 3,AS Roma,AC Milan,5,5,5,8,60,40
Serie A,Journée 4,Inter Milan,Juventus Turin,1,1,4,2,48,52
Serie A,Journée 4,Lazio Rome,SSC Napoli,0,3,2,4,50,50
Serie A,Journée 4,AC Milan,Como,1,0,3,3,42,58
Serie A,Journée 4,Atalanta,AS Roma,2,3,2,4,53,47
Serie A,Journée 4,FC Bologna,Fiorentina,1,5,2,5,39,61
Serie A,Journée 5,Inter Milan,AS Roma,2,3,3,6,74,26
Serie A,Journée 5,Juventus Turin,FC Bologna,2,0,4,0,57,43
Serie A,Journée 5,Atalanta,Como,1,1,3,3,52,48
Serie A,Journée 5,SSC Napoli,Fiorentina,1,1,2,1,70,30
Serie A,Journée 5,Lazio Rome,AC Milan,1,4,1,4,62,38
Serie A,Journée 6,Lazio Rome,Fiorentina,1,1,3,3,36,64
Serie A,Journée 6,Inter Milan,FC Bologna,4,0,6,0,66,34
Serie A,Journée 6,Atalanta,Juventus Turin,2,2,2,3,44,56
Serie A,Journée 6,AC Milan,SSC Napoli,1,3,2,4,40,60
Serie A,Journée 6,Como,AS Roma,0,3,2,4,60,40
Serie A,Journée 7,Lazio Rome,AS Roma,3,1,5,2,49,51
Serie A,Journée 7,Fiorentina,Como,2,0,3,1,50,50
Serie A,Journée 7,FC Bologna,Atalanta,1,2,2,2,48,52
Serie A,Journée 7,SSC Napoli,Inter Milan,0,5,1,6,38,62
Serie A,Journée 7,AC Milan,Juventus Turin,4,4,6,5,59,41
Serie A,Journée 8,Lazio Rome,Como,4,0,5,0,48,52
Serie A,Journée 8,Juventus Turin,SSC Napoli,1,2,2,3,50,50
Serie A,Journée 8,Atalanta,Inter Milan,0,1,0,2,38,62
Serie A,Journée 8,AC Milan,Fiorentina,1,2,4,4,58,42
Serie A,Journée 8,FC Bologna,AS Roma,0,2,2,4,46,54
Serie A,Journée 9,AS Roma,Fiorentina,2,0,5,0,56,44
Serie A,Journée 9,SSC Napoli,Atalanta,1,2,3,3,61,39
Serie A,Journée 9,AC Milan,Inter Milan,0,0,0,4,33,67
Serie A,Journée 9,Juventus Turin,Lazio Rome,3,0,4,0,37,63
Serie A,Journée 9,Como,FC Bologna,1,1,1,2,46,54
Serie B,Journée 1,US Sassuolo,Parma Calcio,1,1,1,2,60,40
Serie B,Journée 1,Genoa CFC,Torino FC,2,3,2,3,32,68
Serie B,Journée 1,Hellas Verona,Pisa SC,1,2,3,2,67,33
Serie B,Journée 1,Udinese Calcio,US Lecce,0,0,1,0,74,26
Serie B,Journée 1,US Cremonese,Cagliari Calcio,3,0,3,1,37,63
Serie B,Journée 2,US Sassuolo,US Cremonese,0,0,1,1,24,76
Serie B,Journée 2,Hellas Verona,Udinese Calcio,0,0,0,1,22,78
Serie B,Journée 2,Cagliari Calcio,Genoa CFC,3,0,4,0,53,47
Serie B,Journée 2,Parma Calcio,Pisa SC,1,3,2,3,54,46
Serie B,Journée 2,US Lecce,Torino FC,0,1,0,3,48,52
Serie B,Journée 3,Genoa CFC,Parma Calcio,2,1,2,1,76,24
Serie B,Journée 3,Torino FC,Udinese Calcio,2,1,4,4,57,43
Serie B,Journée 3,Pisa SC,US Cremonese,0,2,1,2,28,72
Serie B,Journée 3,Hellas Verona,US Sassuolo,1,0,1,2,53,47
Serie B,Journée 3,US Lecce,Cagliari Calcio,1,0,2,0,68,32
Serie B,Journée 4,Cagliari Calcio,Hellas Verona,1,1,1,1,42,58
Serie B,Journée 4,US Cremonese,Torino FC,1,0,2,3,69,31
Serie B,Journée 4,US Lecce,Genoa CFC,0,0,0,2,53,47
Serie B,Journée 4,Parma Calcio,Udinese Calcio,1,2,1,3,41,59
Serie B,Journée 4,Pisa SC,US Sassuolo,1,0,1,0,42,58
Serie B,Journée 5,Udinese Calcio,US Cremonese,1,0,1,0,59,41
Serie B,Journée 5,Hellas Verona,Parma Calcio,3,0,4,1,56,44
Serie B,Journée 5,Torino FC,Cagliari Calcio,1,0,2,1,32,68
Serie B,Journée 5,Pisa SC,US Lecce,0,0,0,0,23,77
Serie B,Journée 5,Genoa CFC,US Sassuolo,1,0,1,0,28,72
Serie B,Journée 6,US Sassuolo,Udinese Calcio,0,1,0,2,54,46
Serie B,Journée 6,Hellas Verona,US Lecce,0,1,1,1,59,41
Serie B,Journée 6,Parma Calcio,Cagliari Calcio,0,0,3,2,48,52
Serie B,Journée 6,US Cremonese,Genoa CFC,1,0,1,0,46,54
Serie B,Journée 6,Pisa SC,Torino FC,1,2,1,3,50,50
Serie B,Journée 7,Hellas Verona,US Cremonese,0,0,1,0,48,52
Serie B,Journée 7,Genoa CFC,Pisa SC,0,1,0,2,59,41
Serie B,Journée 7,Cagliari Calcio,Udinese Calcio,1,1,1,2,56,44
Serie B,Journée 7,US Lecce,Parma Calcio,0,0,1,2,67,33
Serie B,Journée 7,Torino FC,US Sassuolo,0,1,1,2,36,64
Serie B,Journée 8,Cagliari Calcio,US Sassuolo,3,0,4,1,79,21
Serie B,Journée 8,US Lecce,US Cremonese,1,0,1,0,36,64
Serie B,Journée 8,Genoa CFC,Hellas Verona,1,1,3,1,47,53
Serie B,Journée 8,Udinese Calcio,Pisa SC,1,1,4,3,50,50
Serie B,Journée 8,Torino FC,Parma Calcio,4,0,5,4,44,56
Serie B,Journée 9,Parma Calcio,US Cremonese,0,0,2,1,51,49
Serie B,Journée 9,Hellas Verona,Torino FC,1,3,2,6,61,39
Serie B,Journée 9,Cagliari Calcio,Pisa SC,0,1,1,3,67,33
Serie B,Journée 9,US Lecce,US Sassuolo,0,1,0,2,46,54
Serie B,Journée 9,Udinese Calcio,Genoa CFC,0,1,1,1,62,38
Süper Lig,Journée 1,Trabzonspor,Gaziantep FK,0,1,0,1,61,39
Süper Lig,Journée 1,Fenerbahce,Basaksehir FK,2,0,3,0,31,69
Süper Lig,Journée 1,Göztepe,Caykur Rizespor,0,2,1,2,62,38
Süper Lig,Journée 1,Samsunspor,Alanyaspor,2,0,3,0,57,43
Süper Lig,Journée 1,Besiktas JK,Galatasaray,2,1,3,1,27,73
Süper Lig,Journée 2,Gaziantep FK,Fenerbahce,0,4,1,5,36,64
Süper Lig,Journée 2,Trabzonspor,Samsunspor,2,0,2,0,38,62
Süper Lig,Journée 2,Caykur Rizespor,Alanyaspor,0,0,0,0,49,51
Süper Lig,Journée 2,Galatasaray,Göztepe,3,0,3,0,74,26
Süper Lig,Journée 2,Basaksehir FK,Besiktas JK,1,2,2,2,52,48
Süper Lig,Journée 3,Alanyaspor,Besiktas JK,0,4,0,4,49,51
Süper Lig,Journée 3,Fenerbahce,Caykur Rizespor,1,0,5,0,69,31
Süper Lig,Journée 3,Trabzonspor,Basaksehir FK,0,1,0,1,52,48
Süper Lig,Journée 3,Gaziantep FK,Galatasaray,0,5,0,5,39,61
Süper Lig,Journée 3,Göztepe,Samsunspor,0,2,0,2,50,50
Süper Lig,Journée 4,Alanyaspor,Fenerbahce,0,7,0,7,34,66
Süper Lig,Journée 4,Besiktas JK,Caykur Rizespor,3,0,4,3,57,43
Süper Lig,Journée 4,Galatasaray,Basaksehir FK,3,0,4,1,69,31
Süper Lig,Journée 4,Samsunspor,Gaziantep FK,2,1,2,1,68,32
Süper Lig,Journée 4,Göztepe,Trabzonspor,0,0,0,2,51,49
Süper Lig,Journée 5,Basaksehir FK,Gaziantep FK,1,1,1,2,60,40
Süper Lig,Journée 5,Galatasaray,Caykur Rizespor,4,0,4,0,48,52
Süper Lig,Journée 5,Fenerbahce,Trabzonspor,2,0,6,1,48,52
Süper Lig,Journée 5,Alanyaspor,Göztepe,1,1,1,2,54,46
Süper Lig,Journée 5,Besiktas JK,Samsunspor,3,0,3,2,69,31
Süper Lig,Journée 6,Basaksehir FK,Samsunspor,3,4,3,5,53,47
Süper Lig,Journée 6,Trabzonspor,Caykur Rizespor,1,0,1,0,39,61
Süper Lig,Journée 6,Alanyaspor,Galatasaray,1,2,1,3,30,70
Süper Lig,Journée 6,Fenerbahce,Göztepe,6,0,6,0,63,37
Süper Lig,Journée 6,Gaziantep FK,Besiktas JK,1,4,1,4,34,66
Süper Lig,Journée 7,Caykur Rizespor,Samsunspor,0,3,0,3,57,43
Süper Lig,Journée 7,Galatasaray,Fenerbahce,2,1,2,1,36,64
Süper Lig,Journée 7,Basaksehir FK,Alanyaspor,2,0,3,0,34,66
Süper Lig,Journée 7,Gaziantep FK,Göztepe,0,0,1,0,53,47
Süper Lig,Journée 7,Trabzonspor,Besiktas JK,0,1,1,1,49,51
Süper Lig,Journée 8,Trabzonspor,Galatasaray,0,4,1,4,59,41
Süper Lig,Journée 8,Besiktas JK,Göztepe,2,0,4,1,50,50
Süper Lig,Journée 8,Basaksehir FK,Caykur Rizespor,0,0,0,0,66,34
Süper Lig,Journée 8,Samsunspor,Fenerbahce,0,2,2,4,57,43
Süper Lig,Journée 8,Gaziantep FK,Alanyaspor,0,1,2,2,27,73
Süper Lig,Journée 9,Besiktas JK,Fenerbahce,0,2,1,4,57,43
Süper Lig,Journée 9,Göztepe,Basaksehir FK,0,1,0,2,67,33
Süper Lig,Journée 9,Caykur Rizespor,Gaziantep FK,0,2,3,4,50,50
Süper Lig,Journée 9,Trabzonspor,Alanyaspor,1,0,2,0,71,29
Süper Lig,Journée 9,Samsunspor,Galatasaray,1,2,2,4,33,67
Taça de Portugal,Qualifications,FC Famalicao,Moreirense FC,1,0,0,2,57,43
Taça de Portugal,Qualifications,GD Estoril Praia,Vitória Guimarães SC,0,1,0,1,37,63
Taça de Portugal,Quarts,CD Santa Clara,FC Famalicao,0,1,0,0,36,64
Taça de Portugal,Quarts,SL Benfica,FC Porto,0,3,2,5,64,36
Taça de Portugal,Quarts,SC Braga,Gil Vicente,1,0,4,2,49,51
Taça de Portugal,Quarts,Vitória Guimarães SC,Sporting CP,0,5,0,6,48,52
Taça de Portugal,Demies,FC Famalicao,FC Porto,0,1,0,4,62,38
Taça de Portugal,Demies,SC Braga,Sporting CP,1,2,1,2,36,64
Taça de Portugal,Finale,FC Porto,Sporting CP,1,2,4,2,34,66
Türk Kupasi,Qualifications,Alanyaspor,Gaziantep FK,0,2,0,2,70,30
Türk Kupasi,Qualifications,Caykur Rizespor,Göztepe,1,0,0,0,52,48
Türk Kupasi,Quarts,Basaksehir FK,Fenerbahce,0,2,0,2,51,49
Türk Kupasi,Quarts,Galatasaray,Besiktas JK,4,0,5,0,49,51
Türk Kupasi,Quarts,Caykur Rizespor,Trabzonspor,1,0,0,3,16,84
Türk Kupasi,Quarts,Gaziantep FK,Samsunspor,0,2,1,2,41,59
Türk Kupasi,Demies,Fenerbahce,Galatasaray,1,2,3,3,52,48
Türk Kupasi,Demies,Caykur Rizespor,Samsunspor,0,1,0,1,51,49
Türk Kupasi,Finale,Galatasaray,Samsunspor,2,0,4,0,76,24
